achiupr01,0,Precious Achiuwa,2024
adebaba01,1,Bam Adebayo,2024
agbajoc01,2,Ochai Agbaji,2024
aldamsa01,3,Santi Aldama,2024
alexani01,4,Nickeil Alexander-Walker,2024
allengr01,5,Grayson Allen,2024
allenja01,6,Jarrett Allen,2024
allenti01,7,Timmy Allen,2024
alvarjo01,8,Jose Alvarado,2024
anderky01,9,Kyle Anderson,2024
antetgi01,10,Giannis Antetokounmpo,2024
antetth01,11,Thanasis Antetokounmpo,2024
anthoco01,12,Cole Anthony,2024
anunoog01,13,OG Anunoby,2024
arcidry01,14,Ryan Arcidiacono,2024
avdijde01,15,Deni Avdija,2024
aytonde01,16,Deandre Ayton,2024
azubuud01,17,Udoka Azubuike,2024
badjiib01,18,Ibou Badji,2024
baglema01,19,Marvin Bagley III,2024
baileam01,20,Amari Bailey,2024
baldwpa01,21,Patrick Baldwin Jr.,2024
ballla01,22,LaMelo Ball,2024
bambamo01,23,Mo Bamba,2024
banchpa01,24,Paolo Banchero,2024
banede01,25,Desmond Bane,2024
bantoda01,26,Dalano Banton,2024
barlodo01,27,Dominick Barlow,2024
barneha02,28,Harrison Barnes,2024
barnesc01,29,Scottie Barnes,2024
barrerj01,30,RJ Barrett,2024
bassech01,31,Charles Bassey,2024
batesem01,32,Emoni Bates,2024
bateske01,33,Keita Bates-Diop,2024
batumni01,34,Nicolas Batum,2024
bazleda01,35,Darius Bazley,2024
bealbr01,36,Bradley Beal,2024
beaslma01,37,Malik Beasley,2024
beaucma01,38,MarJon Beauchamp,2024
bernaju01,39,Jules Bernard,2024
bertada01,40,Dāvis Bertāns,2024
beverpa01,41,Patrick Beverley,2024
beysa01,42,Saddiq Bey,2024
bitadgo01,43,Goga Bitadze,2024
bitimon01,44,Onuralp Bitim,2024
biyombi01,45,Bismack Biyombo,2024
blackan01,46,Anthony Black,2024
blackle01,47,Leaky Black,2024
boehebu01,48,Buddy Boeheim,2024
bogdabo01,49,Bogdan Bogdanović,2024
bogdabo02,50,Bojan Bogdanović,2024
bolbo01,51,Bol Bol,2024
boldema01,52,Marques Bolden,2024
bookede01,53,Devin Booker,2024
bostobr01,54,Brandon Boston Jr.,2024
bouchch01,55,Chris Boucher,2024
bouknja01,56,James Bouknight,2024
bouyeja01,57,Jamaree Bouyea,2024
branhma01,58,Malaki Branham,2024
braunch01,59,Christian Braun,2024
bridgmi01,60,Mikal Bridges,2024
bridgmi02,61,Miles Bridges,2024
brissos01,62,Oshae Brissett,2024
brockiz01,63,Izaiah Brockington,2024
brogdma01,64,Malcolm Brogdon,2024
brookar01,65,Armoni Brooks,2024
brookdi01,66,Dillon Brooks,2024
brownbr01,67,Bruce Brown,2024
brownch02,68,Charlie Brown Jr.,2024
browngr01,69,Greg Brown III,2024
brownja02,70,Jaylen Brown,2024
brownke03,71,Kendall Brown,2024
brownko01,72,Kobe Brown,2024
brownmo01,73,Moses Brown,2024
browntr01,74,Troy Brown Jr.,2024
brunsja01,75,Jalen Brunson,2024
bryanth01,76,Thomas Bryant,2024
bufkiko01,77,Kobe Bufkin,2024
bullore01,78,Reggie Bullock,2024
burksal01,79,Alec Burks,2024
butleja02,80,Jared Butler,2024
butleji01,81,Jimmy Butler,2024
cainja01,82,Jamal Cain,2024
caldwke01,83,Kentavious Caldwell-Pope,2024
camarto01,84,Toumani Camara,2024
capelca01,85,Clint Capela,2024
carteje01,86,Jevon Carter,2024
cartewe01,87,Wendell Carter Jr.,2024
cartodj01,88,D.J. Carton,2024
carusal01,89,Alex Caruso,2024
castlco01,90,Colin Castleton,2024
cazalma01,91,Malcolm Cazalon,2024
champju02,92,Julian Champagnie,2024
champju01,93,Justin Champagnie,2024
chrisma02,94,Max Christie,2024
cissosi01,95,Sidy Cissoko,2024
clarkbr01,96,Brandon Clarke,2024
clarkjo01,97,Jordan Clarkson,2024
claxtni01,98,Nic Claxton,2024
clownno01,99,Noah Clowney,2024
coffeam01,100,Amir Coffey,2024
collijo01,101,John Collins,2024
colliza01,102,Zach Collins,2024
conlemi01,103,Mike Conley,2024
connapa01,104,Pat Connaughton,2024
coulibi01,105,Bilal Coulibaly,2024
councri01,106,Ricky Council IV,2024
covinro01,107,Robert Covington,2024
craigto01,108,Torrey Craig,2024
crowdja01,109,Jae Crowder,2024
crutcja01,110,Jalen Crutcher,2024
cunnica01,111,Cade Cunningham,2024
curryse01,112,Seth Curry,2024
curryst01,113,Stephen Curry,2024
daniedy01,114,Dyson Daniels,2024
davisan02,115,Anthony Davis,2024
davisjo06,116,Johnny Davis,2024
davisjd01,117,JD Davison,2024
dennide01,118,Dexter Dennis,2024
derozde01,119,DeMar DeRozan,2024
diabamo01,120,Moussa Diabaté,2024
diakima01,121,Mamadi Diakite,2024
diallha01,122,Hamidou Diallo,2024
dickgr01,123,Gradey Dick,2024
diengou01,124,Ousmane Dieng,2024
dinwisp01,125,Spencer Dinwiddie,2024
divindo01,126,Donte DiVincenzo,2024
doncilu01,127,Luka Dončić,2024
dortlu01,128,Luguentz Dort,2024
dosunay01,129,Ayo Dosunmu,2024
dowtije01,130,Jeff Dowtin,2024
drellhe01,131,Henri Drell,2024
drumman01,132,Andre Drummond,2024
duartch01,133,Chris Duarte,2024
dukeda01,134,David Duke Jr.,2024
dunnkr01,135,Kris Dunn,2024
duranke01,136,Kevin Durant,2024
durenja01,137,Jalen Duren,2024
easonta01,138,Tari Eason,2024
edwaran01,139,Anthony Edwards,2024
edwarke02,140,Kessler Edwards,2024
elliske01,141,Keon Ellis,2024
embiijo01,142,Joel Embiid,2024
eubandr01,143,Drew Eubanks,2024
evbuoto01,144,Tosan Evbuomwan,2024
exumda01,145,Dante Exum,2024
fernabr01,146,Bruno Fernando,2024
finnedo01,147,Dorian Finney-Smith,2024
flaglad01,148,Adam Flagler,2024
flynnma01,149,Malachi Flynn,2024
fontesi01,150,Simone Fontecchio,2024
fordjo01,151,Jordan Ford,2024
forretr01,152,Trent Forrest,2024
fournev01,153,Evan Fournier,2024
foxde01,154,De'Aaron Fox,2024
freemja01,155,Javon Freeman-Liberty,2024
fudgeal01,156,Alex Fudge,2024
fultzma01,157,Markelle Fultz,2024
funkan01,158,Andrew Funk,2024
gabriwe01,159,Wenyen Gabriel,2024
gaffoda01,160,Daniel Gafford,2024
gallida01,161,Danilo Gallinari,2024
garlada01,162,Darius Garland,2024
garubus01,163,Usman Garuba,2024
garzalu01,164,Luka Garza,2024
gateska01,165,Kaiser Gates,2024
georgke01,166,Keyonte George,2024
georgpa01,167,Paul George,2024
gibsota01,168,Taj Gibson,2024
giddejo01,169,Josh Giddey,2024
gilesha01,170,Harry Giles,2024
gilgesh01,171,Shai Gilgeous-Alexander,2024
gillan01,172,Anthony Gill,2024
gilleco01,173,Collin Gillespie,2024
gilyaja01,174,Jacob Gilyard,2024
goberru01,175,Rudy Gobert,2024
goodwjo01,176,Jordan Goodwin,2024
gordoaa01,177,Aaron Gordon,2024
gordoer01,178,Eric Gordon,2024
grahade01,179,Devonte' Graham,2024
grantje01,180,Jerami Grant,2024
grayra01,181,RaiQuan Gray,2024
greenaj01,182,A.J. Green,2024
greenda02,183,Danny Green,2024
greendr01,184,Draymond Green,2024
greenja05,185,Jalen Green,2024
greenja02,186,Javonte Green,2024
greenje02,187,Jeff Green,2024
greenjo02,188,Josh Green,2024
griffaj01,189,AJ Griffin,2024
grimequ01,190,Quentin Grimes,2024
gueyemo01,191,Mouhamadou Gueye,2024
gueyemo02,192,Mouhamed Gueye,2024
hachiru01,193,Rui Hachimura,2024
haganas01,194,Ashton Hagans,2024
halibty01,195,Tyrese Haliburton,2024
hamptrj01,196,R.J. Hampton,2024
hardati02,197,Tim Hardaway Jr.,2024
hardeja01,198,James Harden,2024
hardyja02,199,Jaden Hardy,2024
harpero02,200,Ron Harper Jr.,2024
harriga01,201,Gary Harris,2024
harrijo01,202,Joe Harris,2024
harrike01,203,Kevon Harris,2024
harrito02,204,Tobias Harris,2024
harrish01,205,Shaquille Harrison,2024
hartjo01,206,Josh Hart,2024
harteis01,207,Isaiah Hartenstein,2024
hausesa01,208,Sam Hauser,2024
hawkijo01,209,Jordan Hawkins,2024
hayesja02,210,Jaxson Hayes,2024
hayeski01,211,Killian Hayes,2024
haywago01,212,Gordon Hayward,2024
hendesc01,213,Scoot Henderson,2024
hendrita01,214,Taylor Hendricks,2024
herroty01,215,Tyler Herro,2024
hieldbu01,216,Buddy Hield,2024
highsha01,217,Haywood Highsmith,2024
hintona01,218,Nate Hinton,2024
hodgedm01,219,D'Moi Hodge,2024
holidaa01,220,Aaron Holiday,2024
holidjr01,221,Jrue Holiday,2024
holidju01,222,Justin Holiday,2024
holmeri01,223,Richaun Holmes,2024
holmgch01,224,Chet Holmgren,2024
hoodsja01,225,Jalen Hood-Schifino,2024
horfoal01,226,Al Horford,2024
hortota01,227,Talen Horton-Tucker,2024
houseda01,228,Danuel House Jr.,2024
houstca01,229,Caleb Houstan,2024
howarje01,230,Jett Howard,2024
huertke01,231,Kevin Huerter,2024
huffja01,232,Jay Huff,2024
huntede01,233,De'Andre Hunter,2024
hurtma01,234,Matthew Hurt,2024
hylanbo01,235,Bones Hyland,2024
inglejo01,236,Joe Ingles,2024
ingrabr01,237,Brandon Ingram,2024
irvinky01,238,Kyrie Irving,2024
isaacjo01,239,Jonathan Isaac,2024
iveyja01,240,Jaden Ivey,2024
jacksan01,241,Andre Jackson Jr.,2024
jacksgg01,242,GG Jackson II,2024
jacksis01,243,Isaiah Jackson,2024
jacksja02,244,Jaren Jackson Jr.,2024
jacksju01,245,Justin Jackson,2024
jacksqu01,246,Quenton Jackson,2024
jacksre01,247,Reggie Jackson,2024
jackstr02,248,Trayce Jackson-Davis,2024
jamesle01,249,LeBron James,2024
jaqueja01,250,Jaime Jaquez Jr.,2024
jarrede01,251,DeJon Jarreau,2024
jeffrda01,252,DaQuan Jeffries,2024
jemistr01,253,Trey Jemison,2024
jeromty01,254,Ty Jerome,2024
joeis01,255,Isaiah Joe,2024
johnsca02,256,Cameron Johnson,2024
johnsja05,257,Jalen Johnson,2024
johnsja01,258,James Johnson,2024
johnske04,259,Keldon Johnson,2024
johnske07,260,Keon Johnson,2024
johnske08,261,Keyontae Johnson,2024
jokicni01,262,Nikola Jokić,2024
jonesco02,263,Colby Jones,2024
jonesda03,264,Damian Jones,2024
jonesde02,265,Derrick Jones Jr.,2024
joneshe01,266,Herbert Jones,2024
jonesma05,267,Mason Jones,2024
jonestr01,268,Tre Jones,2024
jonesty01,269,Tyus Jones,2024
jordade01,270,DeAndre Jordan,2024
josepco01,271,Cory Joseph,2024
jovicni01,272,Nikola Jović,2024
juzanjo01,273,Johnny Juzang,2024
kennalu01,274,Luke Kennard,2024
kesslwa01,275,Walker Kessler,2024
keybr01,276,Braxton Key,2024
kispeco01,277,Corey Kispert,2024
klebima01,278,Maxi Kleber,2024
knoxke01,279,Kevin Knox,2024
konchjo01,280,John Konchar,2024
korkmfu01,281,Furkan Korkmaz,2024
kornelu01,282,Luke Kornet,2024
krejcvi01,283,Vit Krejci,2024
kuminjo01,284,Jonathan Kuminga,2024
kuzmaky01,285,Kyle Kuzma,2024
landajo01,286,Jock Landale,2024
laravja01,287,Jake LaRavia,2024
lavinza01,288,Zach LaVine,2024
lawsoaj01,289,A.J. Lawson,2024
leesa01,290,Saben Lee,2024
lenal01,291,Alex Len,2024
leonaka01,292,Kawhi Leonard,2024
leverca01,293,Caris LeVert,2024
lewiski01,294,Kira Lewis Jr.,2024
lewisma05,295,Maxwell Lewis,2024
liddeej01,296,E.J. Liddell,2024
lillada01,297,Damian Lillard,2024
littlna01,298,Nassir Little,2024
livelde01,299,Dereck Lively II,2024
liveris01,300,Isaiah Livers,2024
livinch01,301,Chris Livingston,2024
loftoke01,302,Kenneth Lofton Jr.,2024
looneke01,303,Kevon Looney,2024
lopezbr01,304,Brook Lopez,2024
lopezro01,305,Robin Lopez,2024
loveke01,306,Kevin Love,2024
lowryky01,307,Kyle Lowry,2024
lundyse01,308,Seth Lundy,2024
lylestr01,309,Trey Lyles,2024
maledth01,310,Théo Maledon,2024
mamuksa01,311,Sandro Mamukelashvili,2024
mannte01,312,Terance Mann,2024
manntr01,313,Tre Mann,2024
marjabo01,314,Boban Marjanović,2024
markkla01,315,Lauri Markkanen,2024
marshna01,316,Naji Marshall,2024
martica02,317,Caleb Martin,2024
martico01,318,Cody Martin,2024
martike04,319,KJ Martin,2024
mathega01,320,Garrison Mathews,2024
mathube01,321,Bennedict Mathurin,2024
matthwe02,322,Wesley Matthews,2024
maxeyty01,323,Tyrese Maxey,2024
mayssk01,324,Skylar Mays,2024
mcbrimi01,325,Miles McBride,2024
mccolcj01,326,CJ McCollum,2024
mccontj01,327,T.J. McConnell,2024
mcdanja02,328,Jaden McDaniels,2024
mcdanja01,329,Jalen McDaniels,2024
mcderdo01,330,Doug McDermott,2024
mcgeeja01,331,JaVale McGee,2024
mcgowbr01,332,Bryce McGowens,2024
mclaujo01,333,Jordan McLaughlin,2024
meltode01,334,De'Anthony Melton,2024
mensana01,335,Nathan Mensah,2024
merrisa01,336,Sam Merrill,2024
metuch01,337,Chimezie Metu,2024
micicva01,338,Vasilije Micić,2024
middlkh01,339,Khris Middleton,2024
millebr02,340,Brandon Miller,2024
millejo02,341,Jordan Miller,2024
millele01,342,Leonard Miller,2024
whiteda01,343,Dariq Whitehead,2024
millspa02,344,Patty Mills,2024
miltosh01,345,Shake Milton,2024
minayju01,346,Justin Minaya,2024
minotjo01,347,Josh Minott,2024
mitchda01,348,Davion Mitchell,2024
mitchdo01,349,Donovan Mitchell,2024
mobleev01,350,Evan Mobley,2024
mobleis01,351,Isaiah Mobley,2024
monkma01,352,Malik Monk,2024
moodymo01,353,Moses Moody,2024
moonxa01,354,Xavier Moon,2024
mooreta02,355,Taze Moore,2024
moorewe01,356,Wendell Moore Jr.,2024
moranja01,357,Ja Morant,2024
morrima03,358,Marcus Morris,2024
morrima02,359,Markieff Morris,2024
morrimo01,360,Monte Morris,2024
murphtr02,361,Trey Murphy III,2024
murrade01,362,Dejounte Murray,2024
murraja01,363,Jamal Murray,2024
murrake02,364,Keegan Murray,2024
murrakr01,365,Kris Murray,2024
muscami01,366,Mike Muscala,2024
mykhasv01,367,Svi Mykhailiuk,2024
nancela02,368,Larry Nance Jr.,2024
nancepe01,369,Pete Nance,2024
nembhan01,370,Andrew Nembhard,2024
nesmiaa01,371,Aaron Nesmith,2024
niangge01,372,Georges Niang,2024
nixda01,373,Daishen Nix,2024
nnajize01,374,Zeke Nnaji,2024
nowelja01,375,Jaylen Nowell,2024
nowelma01,376,Markquis Nowell,2024
ntilila01,377,Frank Ntilikina,2024
nurkiju01,378,Jusuf Nurkić,2024
nworajo01,379,Jordan Nwora,2024
onealro01,380,Royce O'Neale,2024
okekech01,381,Chuma Okeke,2024
okogijo01,382,Josh Okogie,2024
okongon01,383,Onyeka Okongwu,2024
okorois01,384,Isaac Okoro,2024
olynyke01,385,Kelly Olynyk,2024
omorueu01,386,Eugene Omoruyi,2024
osmande01,387,Cedi Osman,2024
oubreke01,388,Kelly Oubre Jr.,2024
paulch01,389,Chris Paul,2024
payneca01,390,Cameron Payne,2024
paytoga02,391,Gary Payton II,2024
pereima01,392,Mãozinha Pereira,2024
peterdr01,393,Drew Peterson,2024
petrufi01,394,Filip Petrušev,2024
phillju01,395,Julian Phillips,2024
pickeja02,396,Jalen Pickett,2024
pippesc02,397,Scotty Pippen Jr.,2024
plumlma01,398,Mason Plumlee,2024
podzibr01,399,Brandin Podziemski,2024
poeltja01,400,Jakob Poeltl,2024
pokusal01,401,Aleksej Pokusevski,2024
poolejo01,402,Jordan Poole,2024
portecr01,403,Craig Porter Jr.,2024
portejo01,404,Jontay Porter,2024
portemi01,405,Michael Porter Jr.,2024
porteot01,406,Otto Porter Jr.,2024
portibo01,407,Bobby Portis,2024
porzikr01,408,Kristaps Porziņģis,2024
pottemi01,409,Micah Potter,2024
poweldw01,410,Dwight Powell,2024
powelno01,411,Norman Powell,2024
prestja01,412,Jason Preston,2024
primojo01,413,Joshua Primo,2024
princta02,414,Taurean Prince,2024
pritcpa01,415,Payton Pritchard,2024
prospol01,416,Olivier-Maxence Prosper,2024
queentr01,417,Trevelin Queen,2024
quetane01,418,Neemias Queta,2024
quickim01,419,Immanuel Quickley,2024
quinole01,420,Lester Quinones,2024
ramseja01,421,Jahmi'us Ramsey,2024
randlju01,422,Julius Randle,2024
reathdu01,423,Duop Reath,2024
reaveau01,424,Austin Reaves,2024
reddica01,425,Cam Reddish,2024
reedpa01,426,Paul Reed,2024
reidna01,427,Naz Reid,2024
rhodeja01,428,Jared Rhoden,2024
richani01,429,Nick Richards,2024
richajo01,430,Josh Richardson,2024
robindu01,431,Duncan Robinson,2024
robinje01,432,Jerome Robinson,2024
robinmi01,433,Mitchell Robinson,2024
robinor01,434,Orlando Robinson,2024
robinje02,435,Jeremiah Robinson-Earl,2024
roddyda01,436,David Roddy,2024
rolliry01,437,Ryan Rollins,2024
rosede01,438,Derrick Rose,2024
roziete01,439,Terry Rozier,2024
ruperra01,440,Rayan Rupert,2024
russeda01,441,D'Angelo Russell,2024
ryanma01,442,Matt Ryan,2024
sabondo01,443,Domantas Sabonis,2024
samanlu01,444,Luka Šamanić,2024
samueje01,445,Jermaine Samuels,2024
sanogad01,446,Adama Sanogo,2024
santogu01,447,Gui Santos,2024
saricda01,448,Dario Šarić,2024
sarrol01,449,Olivier Sarr,2024
sassema01,450,Marcus Sasser,2024
schofad01,451,Admiral Schofield,2024
schrode01,452,Dennis Schröder,2024
seabrde01,453,Dereon Seabron,2024
sengual01,454,Alperen Sengun,2024
sensabr01,455,Brice Sensabaugh,2024
sextoco01,456,Collin Sexton,2024
shamela01,457,Landry Shamet,2024
sharpda01,458,Day'Ron Sharpe,2024
sharpsh01,459,Shaedon Sharpe,2024
sheppbe01,460,Ben Sheppard,2024
siakapa01,461,Pascal Siakam,2024
simmobe01,462,Ben Simmons,2024
simmoko01,463,Kobi Simmons,2024
simonan01,464,Anfernee Simons,2024
simpsza01,465,Zavier Simpson,2024
simsje01,466,Jericho Sims,2024
skapidm01,467,Dmytro Skapintsev,2024
slawsja01,468,Jalen Slawson,2024
smartja01,469,Javonte Smart,2024
smartma01,470,Marcus Smart,2024
smithde03,471,Dennis Smith Jr.,2024
smithdr01,472,Dru Smith,2024
smithis01,473,Ish Smith,2024
smithja05,474,Jabari Smith Jr.,2024
smithja04,475,Jalen Smith,2024
smithni01,476,Nick Smith Jr.,2024
smithte01,477,Terquavion Smith,2024
sochaje01,478,Jeremy Sochan,2024
spencpa01,479,Pat Spencer,2024
sprinja01,480,Jaden Springer,2024
stevela01,481,Lamar Stevens,2024
stewais01,482,Isaiah Stewart,2024
strawju01,483,Julian Strawther,2024
strusma01,484,Max Strus,2024
suggsja01,485,Jalen Suggs,2024
swideco01,486,Cole Swider,2024
tateja01,487,Jae'Sean Tate,2024
tatumja01,488,Jayson Tatum,2024
taylote01,489,Terry Taylor,2024
templga01,490,Garrett Temple,2024
terryda01,491,Dalen Terry,2024
theisda01,492,Daniel Theis,2024
thomaca02,493,Cam Thomas,2024
thomais02,494,Isaiah Thomas,2024
thompam01,495,Amen Thompson,2024
thompau01,496,Ausar Thompson,2024
thompkl01,497,Klay Thompson,2024
thomptr01,498,Tristan Thompson,2024
thorjt01,499,JT Thor,2024
thybuma01,500,Matisse Thybulle,2024
tillmxa01,501,Xavier Tillman Sr.,2024
toppija01,502,Jacob Toppin,2024
toppiob01,503,Obi Toppin,2024
toscaju01,504,Juan Toscano-Anderson,2024
townska01,505,Karl-Anthony Towns,2024
trentga02,506,Gary Trent Jr.,2024
tshieos01,507,Oscar Tshiebwe,2024
tuckepj01,508,P.J. Tucker,2024
turnemy01,509,Myles Turner,2024
tysonhu01,510,Hunter Tyson,2024
umudest01,511,Stanley Umude,2024
valanjo01,512,Jonas Valančiūnas,2024
vandeja01,513,Jarred Vanderbilt,2024
vanvlfr01,514,Fred VanVleet,2024
vassede01,515,Devin Vassell,2024
vezenal01,516,Sasha Vezenkov,2024
vincega01,517,Gabe Vincent,2024
vucevni01,518,Nikola Vučević,2024
vukcetr01,519,Tristan Vukcevic,2024
wadede01,520,Dean Wade,2024
wagnefr01,521,Franz Wagner,2024
wagnemo01,522,Moritz Wagner,2024
wainris01,523,Ish Wainright,2024
walkeja01,524,Jabari Walker,2024
walkeja02,525,Jarace Walker,2024
walkelo01,526,Lonnie Walker IV,2024
wallaca01,527,Cason Wallace,2024
walshjo01,528,Jordan Walsh,2024
warretj01,529,T.J. Warren,2024
washipj01,530,P.J. Washington,2024
washity02,531,TyTy Washington Jr.,2024
watanyu01,532,Yuta Watanabe,2024
waterli01,533,Lindy Waters III,2024
watfotr01,534,Trendon Watford,2024
watsope01,535,Peyton Watson,2024
wembavi01,536,Victor Wembanyama,2024
weslebl01,537,Blake Wesley,2024
westbru01,538,Russell Westbrook,2024
whiteco01,539,Coby White,2024
whitede01,540,Derrick White,2024
whiteja03,541,Jack White,2024
whitmca01,542,Cam Whitmore,2024
wiggiaa01,543,Aaron Wiggins,2024
wiggian01,544,Andrew Wiggins,2024
wiggili01,545,Lindell Wigginton,2024
willial06,546,Alondes Williams,2024
willibr03,547,Brandon Williams,2024
willigr01,548,Grant Williams,2024
willija06,549,Jalen Williams,2024
willija07,550,Jaylin Williams,2024
willije02,551,Jeenathan Williams,2024
willike04,552,Kenrich Williams,2024
willima11,553,Malik Williams,2024
willima07,554,Mark Williams,2024
willipa01,555,Patrick Williams,2024
williro04,556,Robert Williams,2024
willivi01,557,Vince Williams Jr.,2024
willizi02,558,Ziaire Williams,2024
willizi01,559,Zion Williamson,2024
wilsodj01,560,D.J. Wilson,2024
wilsoja03,561,Jalen Wilson,2024
windldy01,562,Dylan Windler,2024
wisemja01,563,James Wiseman,2024
wongis01,564,Isaiah Wong,2024
woodch01,565,Christian Wood,2024
wrighde01,566,Delon Wright,2024
youngth01,567,Thaddeus Young,2024
youngtr01,568,Trae Young,2024
yurtsom01,569,Omer Yurtseven,2024
zelleco01,570,Cody Zeller,2024
zubaciv01,571,Ivica Zubac,2024
adamsst01,572,Steven Adams,2023
bartowi01,573,Will Barton,2023
birchkh01,574,Khem Birch,2023
bolmale01,575,Leandro Bolmaro,2023
bradlto01,576,Tony Bradley,2023
brantja01,577,Jarrell Brantley,2023
brownst02,578,Sterling Brown,2023
burtode02,579,Deonte Burton,2023
butlejo01,580,John Butler,2023
campafa01,581,Facundo Campazzo,2023
cancavl01,582,Vlatko Čančar,2023
careyve01,583,Vernon Carey Jr.,2023
cartemi01,584,Michael Carter-Williams,2023
chandke01,585,Kennedy Chandler,2023
chrisjo01,586,Josh Christopher,2023
comanch01,587,Chance Comanche,2023
cooksxa01,588,Xavier Cooks,2023
culveja01,589,Jarrett Culver,2023
daviste02,590,Terence Davis,2023
daysda01,591,Darius Days,2023
dedmode01,592,Dewayne Dedmon,2023
dellama01,593,Matthew Dellavedova,2023
dienggo01,594,Gorgui Dieng,2023
dorsety01,595,Tyler Dorsey,2023
dotsode01,596,Devon Dotson,2023
doziepj01,597,PJ Dozier,2023
dragigo01,598,Goran Dragić,2023
forbebr01,599,Bryn Forbes,2023
fostemi02,600,Michael Foster Jr.,2023
gayru01,601,Rudy Gay,2023
greenja01,602,JaMychal Green,2023
griffbl01,603,Blake Griffin,2023
halljo02,604,Jordan Hall,2023
harremo01,605,Montrezl Harrell,2023
hasleud01,606,Udonis Haslem,2023
hernaju01,607,Juancho Hernangómez,2023
hernawi01,608,Willy Hernangómez,2023
hillge01,609,George Hill,2023
hillma01,610,Malcolm Hill,2023
hudgitr01,611,Trevor Hudgins,2023
ibakase01,612,Serge Ibaka,2023
iguodan01,613,Andre Iguodala,2023
jacksfr01,614,Frank Jackson,2023
johnsal02,615,Alize Johnson,2023
johnsst04,616,Stanley Johnson,2023
jonesca03,617,Carlik Jones,2023
joneska01,618,Kai Jones,2023
kabenmf01,619,Mfiondu Kabengele,2023
kaminfr01,620,Frank Kaminsky,2023
keelstr01,621,Trevor Keels,2023
kinglo02,622,Louis King,2023
knighna01,623,Nathan Knight,2023
kolokch01,624,Christian Koloko,2023
lamban01,625,Anthony Lamb,2023
langfro01,626,Romeo Langford,2023
leeda03,627,Damion Lee,2023
leoname01,628,Meyers Leonard,2023
martity01,629,Tyrese Martin,2023
mccluma01,630,Mac McClung,2023
mcgruro01,631,Rodney McGruder,2023
monekch01,632,Chima Moneke,2023
netora01,633,Raul Neto,2023
noelne01,634,Nerlens Noel,2023
nunnke01,635,Kendrick Nunn,2023
okpalkz01,636,KZ Okpala,2023
oladivi01,637,Victor Oladipo,2023
pinsoth01,638,Theo Pinson,2023
porteke02,639,Kevin Porter Jr.,2023
reedda01,640,Davon Reed,2023
riverau01,641,Austin Rivers,2023
robyis01,642,Isaiah Roby,2023
rosste01,643,Terrence Ross,2023
rubiori01,644,Ricky Rubio,2023
schakjo01,645,Jordan Schakel,2023
scrubja01,646,Jay Scrubb,2023
silvach01,647,Chris Silva,2023
simonma01,648,Marko Simonovic,2023
sneedxa01,649,Xavier Sneed,2023
sumneed01,650,Edmond Sumner,2023
toddis01,651,Isaiah Todd,2023
vonleno01,652,Noah Vonleh,2023
walkeke02,653,Kemba Walker,2023
walljo01,654,John Wall,2023
washidu02,655,Duane Washington Jr.,2023
wieskjo01,656,Joe Wieskamp,2023
willido02,657,Donovan Williams,2023
winslju01,658,Justise Winslow,2023
wrighmc01,659,McKinley Wright IV,2023
yorkga01,660,Gabe York,2023
aldrila01,661,LaMarcus Aldridge,2022
anderju01,662,Justin Anderson,2022
anthoca01,663,Carmelo Anthony,2022
arizatr01,664,Trevor Ariza,2022
augusdj01,665,D.J. Augustin,2022
ayayijo01,666,Joel Ayayi,2022
balllo01,667,Lonzo Ball,2022
barbeca01,668,Cat Barber,2022
basspa01,669,Paris Bass,2022
bazemke01,670,Kent Bazemore,2022
belljo01,671,Jordan Bell,2022
bembrde01,672,DeAndre' Bembry,2022
bjeline01,673,Nemanja Bjelica,2022
bledser01,674,Eric Bledsoe,2022
blevike01,675,Keljin Blevins,2022
bongais01,676,Isaac Bonga,2022
bradlav01,677,Avery Bradley,2022
brazdig01,678,Ignas Brazdeikis,2022
brownch05,679,Chaundee Brown Jr.,2022
buchash01,680,Shaq Buchanan,2022
burketr01,681,Trey Burke,2022
cacokde01,682,Devontae Cacok,2022
cannade01,683,Devin Cannady,2022
caulewi01,684,Willie Cauley-Stein,2022
caverah01,685,Ahmad Caver,2022
cheatzy01,686,Zylan Cheatham,2022
chiozch01,687,Chris Chiozza,2022
chrisma01,688,Marquese Chriss,2022
clarkga01,689,Gary Clark,2022
collida01,690,Darren Collison,2022
cookty01,691,Tyler Cook,2022
coopesh01,692,Sharife Cooper,2022
cornepe01,693,Petr Cornelie,2022
couside01,694,DeMarcus Cousins,2022
cumbeja01,695,Jarron Cumberland,2022
davised01,696,Ed Davis,2022
deckga01,697,Gabriel Deck,2022
dekkesa01,698,Sam Dekker,2022
delauja01,699,Javin DeLaurier,2022
diallch01,700,Cheick Diallo,2022
dotsoda01,701,Damyean Dotson,2022
doumbse01,702,Sekou Doumbouya,2022
echenja01,703,Jaime Echenique,2022
edwarca01,704,Carsen Edwards,2022
edwarro01,705,Rob Edwards,2022
ellebcj01,706,CJ Elleby,2022
ellinwa01,707,Wayne Ellington,2022
ennisja01,708,James Ennis III,2022
fallta01,709,Tacko Fall,2022
favorde01,710,Derrick Favors,2022
fittsma01,711,Malik Fitts,2022
fordal03,712,Aleem Ford,2022
frazime01,713,Melvin Frazier,2022
fraziti01,714,Tim Frazier,2022
kanteen01,715,Enes Freedom,2022
gallola01,716,Langston Galloway,2022
garrema01,717,Marcus Garrett,2022
gillefr01,718,Freddie Gillespie,2022
goodwbr01,719,Brandon Goodwin,2022
graveha01,720,Hassani Gravett,2022
guyky01,721,Kyle Guy,2022
hallty01,722,Tyler Hall,2022
harklma01,723,Maurice Harkless,2022
harpeja01,724,Jared Harper,2022
henryaa01,725,Aaron Henry,2022
hillso01,726,Solomon Hill,2022
hoardja01,727,Jaylen Hoard,2022
hoodro01,728,Rodney Hood,2022
hopsosc01,729,Scotty Hopson,2022
howardw01,730,Dwight Howard,2022
howarma02,731,Markus Howard,2022
hugheel01,732,Elijah Hughes,2022
huntfe01,733,Feron Hunt,2022
hutchch01,734,Chandler Hutchison,2022
iwundwe01,735,Wes Iwundu,2022
jacksjo02,736,Josh Jackson,2022
johnsbj01,737,B.J. Johnson,2022
johnsda08,738,David Johnson,2022
johnsjo02,739,Joe Johnson,2022
johnsty01,740,Tyler Johnson,2022
jonesje01,741,Jemerrio Jones,2022
kalaige01,742,Georgios Kalaitzakis,2022
kingge03,743,George King,2022
knighbr03,744,Brandon Knight,2022
kulboar01,745,Arnoldas Kulboka,2022
lambje01,746,Jeremy Lamb,2022
laymaja01,747,Jake Layman,2022
lewissc01,748,Scottie Lewis,2022
louzama01,749,Didi Louzada,2022
lundbga01,750,Gabriel Lundberg,2022
luwawti01,751,Timothé Luwawu-Cabarrot,2022
martike03,752,Kelan Martin,2022
mathida01,753,Dakota Mathias,2022
mcgrica01,754,Cameron McGriff,2022
mckinal01,755,Alfonzo McKinnie,2022
mclauja01,756,JaQuori McLaughlin,2022
mclembe01,757,Ben McLemore,2022
milescj01,758,C.J. Miles,2022
millspa01,759,Paul Millsap,2022
monrogr01,760,Greg Monroe,2022
moonema01,761,Matt Mooney,2022
morgaju01,762,Juwan Morgan,2022
morrija01,763,Jaylen Morris,2022
mudiaem01,764,Emmanuel Mudiay,2022
muldemy01,765,Mychal Mulder,2022
murkead01,766,Ade Murkey,2022
naderab01,767,Abdel Nader,2022
nembhrj01,768,RJ Nembhard Jr.,2022
newmama01,769,Malik Newman,2022
nwabada01,770,David Nwaba,2022
ojelese01,771,Semi Ojeleye,2022
oliveca01,772,Cameron Oliver,2022
onimi01,773,Miye Oni,2022
oturuda01,774,Daniel Oturu,2022
paigeja01,775,Jaysean Paige,2022
palmetr01,776,Trayvon Palmer,2022
pangoke01,777,Kevin Pangos,2022
parkeja01,778,Jabari Parker,2022
pascher01,779,Eric Paschall,2022
paytoel01,780,Elfrid Payton,2022
pelleno01,781,Norvel Pelle,2022
perryre01,782,Reggie Perry,2022
pickeja01,783,Jamorko Pickett,2022
ponsyv01,784,Yves Pons,2022
powelmy01,785,Myles Powell,2022
robinju01,786,Justin Robinson,2022
rondora01,787,Rajon Rondo,2022
satorto01,788,Tomáš Satoranský,2022
scotttr01,789,Tre Scott,2022
seldewa01,790,Wayne Selden,2022
sirvyde01,791,Deividas Sirvydis,2022
snellto01,792,Tony Snell,2022
stanlca01,793,Cassius Stanley,2022
stausni01,794,Nik Stauskas,2022
stephla01,795,Lance Stephenson,2022
swordcr01,796,Craig Sword,2022
sykeske01,797,Keifer Sykes,2022
terryem01,798,Emanuel Terry,2022
terryty01,799,Tyrell Terry,2022
teskejo01,800,Jon Teske,2022
thomabr01,801,Brodric Thomas,2022
thomama02,802,Matt Thomas,2022
tilliki02,803,Killian Tillie,2022
tuckera01,804,Rayjon Tucker,2022
valende01,805,Denzel Valentine,2022
walkemj01,806,M.J. Walker,2022
wallaty01,807,Tyrone Wallace,2022
waltode01,808,Derrick Walton,2022
wanambr01,809,Brad Wanamaker,2022
watertr01,810,Tremont Waters,2022
watsopa01,811,Paul Watson,2022
weathqu01,812,Quinndary Weatherspoon,2022
whiteha01,813,Hassan Whiteside,2022
willilo02,814,Lou Williams,2022
winstca01,815,Cassius Winston,2022
woodaro01,816,Robert Woodard II,2022
wrighmo01,817,Moses Wright,2022
adamsja01,818,Jaylen Adams,2021
alexaty01,819,Ty-Shon Alexander,2021
aminual01,820,Al-Farouq Aminu,2021
antetko01,821,Kostas Antetokounmpo,2021
bacondw01,822,Dwayne Bacon,2021
baynear01,823,Aron Baynes,2021
beyty01,824,Tyler Bey,2021
bonejo01,825,Jordan Bone,2021
bowenbr02,826,Brian Bowen,2021
brimaam01,827,Amida Brimah,2021
bryanel01,828,Elijah Bryant,2021
cabocbr01,829,Bruno Caboclo,2021
cookqu01,830,Quinn Cook,2021
darlina01,831,Nate Darling,2021
dudleja01,832,Jared Dudley,2021
ellenhe01,833,Henry Ellenson,2021
feliccr01,834,Cristiano Felício,2021
fergute01,835,Terrance Ferguson,2021
ferreyo01,836,Yogi Ferrell,2021
frankro01,837,Robert Franks,2021
gasolma01,838,Marc Gasol,2021
halldo01,839,Donta Hall,2021
halljo01,840,Josh Hall,2021
harrija01,841,Jalen Harris,2021
holliro01,842,Rondae Hollis-Jefferson,2021
ilyaser01,843,Ersan İlyasova,2021
jamesju01,844,Justin James,2021
jamesmi02,845,Mike James,2021
kurucro01,846,Rodions Kurucs,2021
leaftj01,847,T.J. Leaf,2021
lecquja01,848,Jalen Lecque,2021
magnawi01,849,Will Magnay,2021
makerth01,850,Thon Maker,2021
maneka01,851,Karim Mané,2021
mannini01,852,Nico Mannion,2021
martije02,853,Jeremiah Martin,2021
masonfr01,854,Frank Mason III,2021
mccawpa01,855,Patrick McCaw,2021
mcderse01,856,Sean McDermott,2021
mellini01,857,Nicolò Melli,2021
milleda01,858,Darius Miller,2021
mokokad01,859,Adam Mokoka,2021
mooreet01,860,E'Twaun Moore,2021
nunnaja01,861,James Nunnally,2021
okafoja01,862,Jahlil Okafor,2021
pasecan01,863,Anžejs Pasečņiks,2021
pattepa01,864,Patrick Patterson,2021
pattoju01,865,Justin Patton,2021
poirivi01,866,Vincent Poirier,2021
randlch01,867,Chasson Randle,2021
redicjj01,868,JJ Redick,2021
reynoca01,869,Cameron Reynolds,2021
rillegr01,870,Grant Riller,2021
roberan03,871,Andre Roberson,2021
robingl02,872,Glenn Robinson III,2021
sampsja02,873,JaKarr Sampson,2021
scottmi01,874,Mike Scott,2021
shumpim01,875,Iman Shumpert,2021
smailal01,876,Alen Smailagić,2021
spaldra01,877,Ray Spalding,2021
teaguje01,878,Jeff Teague,2021
thomakh01,879,Khyri Thomas,2021
thornsi01,880,Sindarius Thornwell,2021
tollian01,881,Anthony Tolliver,2021
toupaax01,882,Axel Toupane,2021
varejan01,883,Anderson Varejão,2021
whittgr01,884,Greg Whittington,2021
alexaky01,885,Kyle Alexander,2020
allenka01,886,Kadeem Allen,2020
anderry01,887,Ryan Anderson,2020
bareajo01,888,J.J. Barea,2020
belinma01,889,Marco Belinelli,2020
bendedr01,890,Dragan Bender,2020
boldejo01,891,Jonah Bolden,2020
bowmaky01,892,Ky Bowman,2020
breweco01,893,Corey Brewer,2020
broekry01,894,Ryan Broekhoff,2020
carrode01,895,DeMarre Carroll,2020
cartevi01,896,Vince Carter,2020
chandty01,897,Tyson Chandler,2020
chandwi01,898,Wilson Chandler,2020
chealjo01,899,Joe Chealey,2020
clemoch01,900,Chris Clemons,2020
clevean01,901,Antonius Cleveland,2020
crabbal01,902,Allen Crabbe,2020
crawfja01,903,Jamal Crawford,2020
danietr01,904,Troy Daniels,2020
evansja02,905,Jacob Evans,2020
frazimi01,906,Michael Frazier,2020
grahatr01,907,Treveon Graham,2020
grantje02,908,Jerian Grant,2020
grayjo01,909,Josh Gray,2020
gudurma01,910,Marko Gudurić,2020
hallde01,911,Devon Hall,2020
hannadu01,912,Dusty Hannahs,2020
hensojo01,913,John Henson,2020
hernade01,914,Dewan Hernandez,2020
herveke01,915,Kevin Hervey,2020
hezonma01,916,Mario Hezonja,2020
howarwi01,917,William Howard,2020
jeffeam01,918,Amile Jefferson,2020
kiddst01,919,Stanton Kidd,2020
kiddgmi01,920,Michael Kidd-Gilchrist,2020
korveky01,921,Kyle Korver,2020
labissk01,922,Skal Labissière,2020
lawvi01,923,Vic Law,2020
leeco01,924,Courtney Lee,2020
maconda01,925,Daryl Macon,2020
macurjp01,926,J.P. Macura,2020
magetjo01,927,Josh Magette,2020
mahinia01,928,Ian Mahinmi,2020
mbahalu01,929,Luc Mbah a Moute,2020
mcraejo01,930,Jordan McRae,2020
mikaer01,931,Eric Mika,2020
millema01,932,Malcolm Miller,2020
mitrona01,933,Naz Mitrou-Long,2020
motlejo01,934,Johnathan Motley,2020
musadz01,935,Džanan Musa,2020
napiesh01,936,Shabazz Napier,2020
noahjo01,937,Joakim Noah,2020
norveza01,938,Zach Norvell,2020
oquinky01,939,Kyle O'Quinn,2020
okoboel01,940,Elie Okobo,2020
owensta01,941,Tariq Owens,2020
pargoje01,942,Jeremy Pargo,2020
parsoch01,943,Chandler Parsons,2020
pondssh01,944,Shamorie Ponds,2020
reavejo02,945,Josh Reaves,2020
sefolth01,946,Thabo Sefolosha,2020
shayoma01,947,Marial Shayok,2020
smithjr01,948,J.R. Smith,2020
smithzh01,949,Zhaire Smith,2020
spellom01,950,Omari Spellman,2020
swanica01,951,Caleb Swanigan,2020
thomala01,952,Lance Thomas,2020
trieral01,953,Allonzo Trier,2020
turneev01,954,Evan Turner,2020
uthofja01,955,Jarrod Uthoff,2020
waitedi01,956,Dion Waiters,2020
willijo04,957,Johnathan Williams,2020
willima02,958,Marvin Williams,2020
willini01,959,Nigel Williams-Goss,2020
wrighju02,960,Justin Wright-Foreman,2020
zellety01,961,Tyler Zeller,2020
zizican01,962,Ante Žižić,2020
abrinal01,963,Álex Abrines,2019
acyqu01,964,Quincy Acy,2019
adelde01,965,Deng Adel,2019
akoonde01,966,DeVaughn Akoon-Purcell,2019
alkinra01,967,Rawle Alkins,2019
anigbik01,968,Ike Anigbogu,2019
bakerro01,969,Ron Baker,2019
baldwwa01,970,Wade Baldwin,2019
bayleje01,971,Jerryd Bayless,2019
beaslmi01,972,Michael Beasley,2019
bertada02,973,Dairis Bertāns,2019
blakean01,974,Antonio Blakeney,2019
blossja01,975,Jaron Blossomgame,2019
bogutan01,976,Andrew Bogut,2019
briscis01,977,Isaiah Briscoe,2019
brookma01,978,MarShon Brooks,2019
brownlo01,979,Lorenzo Brown,2019
caldejo01,980,José Calderón,2019
canaais01,981,Isaiah Canaan,2019
casspom01,982,Omri Casspi,2019
caupatr01,983,Troy Caupain,2019
cavanty01,984,Tyler Cavanaugh,2019
clarkia01,985,Ian Clark,2019
colsobo01,986,Bonzie Colson,2019
creekmi01,987,Mitch Creek,2019
cunnida01,988,Dante Cunningham,2019
davisde01,989,Deyonta Davis,2019
davisty01,990,Tyler Davis,2019
delgaan01,991,Ángel Delgado,2019
denglu01,992,Luol Deng,2019
derrima01,993,Marcus Derrickson,2019
duvaltr01,994,Trevon Duval,2019
edwarvi01,995,Vince Edwards,2019
evansja01,996,Jawun Evans,2019
evansty01,997,Tyreke Evans,2019
farieke01,998,Kenneth Faried,2019
feltora01,999,Raymond Felton,2019
fredeji01,1000,Jimmer Fredette,2019
fryech01,1001,Channing Frye,2019
garrebi01,1002,Billy Garrett,2019
gasolpa01,1003,Pau Gasol,2019
gortama01,1004,Marcin Gortat,2019
grantdo01,1005,Donte Grantham,2019
greenge01,1006,Gerald Green,2019
hamilda02,1007,Daniel Hamilton,2019
harride01,1008,Devin Harris,2019
harrian01,1009,Andrew Harrison,2019
hicksis01,1010,Isaiah Hicks,2019
hilarne01,1011,Nenê,2019
hollajo02,1012,John Holland,2019
humphis01,1013,Isaac Humphries,2019
hunterj01,1014,R.J. Hunter,2019
ingraan01,1015,Andre Ingram,2019
jacksde01,1016,Demetrius Jackson,2019
jenkijo01,1017,John Jenkins,2019
jerebjo01,1018,Jonas Jerebko,2019
johnsam01,1019,Amir Johnson,2019
johnswe01,1020,Wesley Johnson,2019
jonesja04,1021,Jalen Jones,2019
joneste01,1022,Terrence Jones,2019
koufoko01,1023,Kosta Koufos,2019
lemonwa01,1024,Walt Lemon Jr.,2019
leuerjo01,1025,Jon Leuer,2019
linje01,1026,Jeremy Lin,2019
livinsh01,1027,Shaun Livingston,2019
loftoza01,1028,Zach Lofton,2019
loydjo01,1029,Jordan Loyd,2019
lucaska01,1030,Kalin Lucas,2019
lydonty01,1031,Tyler Lydon,2019
machasc01,1032,Scott Machado,2019
macksh01,1033,Shelvin Mack,2019
martija01,1034,Jarell Martin,2019
matenya01,1035,Yante Maten,2019
mccalta01,1036,Tahjere McCall,2019
meeksjo01,1037,Jodie Meeks,2019
mejrisa01,1038,Salah Mejri,2019
mirotni01,1039,Nikola Mirotić,2019
moreler01,1040,Eric Moreland,2019
motiedo01,1041,Donatas Motiejūnas,2019
nowitdi01,1042,Dirk Nowitzki,2019
pachuza01,1043,Zaza Pachulia,2019
parketo01,1044,Tony Parker,2019
plumlmi01,1045,Miles Plumlee,2019
pondequ01,1046,Quincy Pondexter,2019
poythal01,1047,Alex Poythress,2019
qizh01,1048,Zhou Qi,2019
rabbiv01,1049,Ivan Rabb,2019
richama01,1050,Malachi Richardson,2019
robinde01,1051,Devin Robinson,2019
sampsbr01,1052,Brandon Sampson,2019
siberjo01,1053,Jordan Sibert,2019
simmojo02,1054,Jonathon Simmons,2019
smithja02,1055,Jason Smith,2019
stephdj01,1056,D.J. Stephens,2019
teodomi01,1057,Miloš Teodosić,2019
terreja01,1058,Jared Terrell,2019
udohek01,1059,Ekpe Udoh,2019
ulisty01,1060,Tyler Ulis,2019
wadedw01,1061,Dwyane Wade,2019
washbju01,1062,Julian Washburn,2019
welshth01,1063,Thomas Welsh,2019
whiteok01,1064,Okaro White,2019
willial03,1065,Alan Williams,2019
willicj01,1066,C.J. Williams,2019
willitr02,1067,Troy Williams,2019
yabusgu01,1068,Guerschon Yabusele,2019
youngni01,1069,Nick Young,2019
afflaar01,1070,Arron Afflalo,2018
aldrico01,1071,Cole Aldrich,2018
allento01,1072,Tony Allen,2018
arthuda01,1073,Darrell Arthur,2018
artisja01,1074,Jamel Artis,2018
asikom01,1075,Ömer Aşık,2018
babbilu01,1076,Luke Babbitt,2018
birdja01,1077,Jabari Bird,2018
blackta01,1078,Tarik Black,2018
blueva01,1079,Vander Blue,2018
bolomjo01,1080,Joel Bolomboy,2018
booketr01,1081,Trevor Booker,2018
brookaa01,1082,Aaron Brooks,2018
brownan02,1083,Anthony Brown,2018
brownbo02,1084,Bobby Brown,2018
brownma02,1085,Markel Brown,2018
brussni01,1086,Nicolás Brussino,2018
buyckdw01,1087,Dwight Buycks,2018
chalmma01,1088,Mario Chalmers,2018
clavegi01,1089,Gian Clavell,2018
colliky01,1090,Kyle Collinsworth,2018
collini01,1091,Nick Collison,2018
cookech01,1092,Charles Cooke,2018
cooleja01,1093,Jack Cooley,2018
costema01,1094,Matt Costello,2018
crawfjo02,1095,Jordan Crawford,2018
delanma01,1096,Malcolm Delaney,2018
doylemi01,1097,Milton Doyle,2018
drewla02,1098,Larry Drew II,2018
eddieja01,1099,Jarell Eddie,2018
ennisty01,1100,Tyler Ennis,2018
evansje01,1101,Jeremy Evans,2018
feldeka01,1102,Kay Felder,2018
georgma01,1103,Marcus Georges-Hunt,2018
gibsojo01,1104,Jonathan Gibson,2018
ginobma01,1105,Manu Ginóbili,2018
harriaa01,1106,Aaron Harrison,2018
hayesni01,1107,Nigel Hayes,2018
hearnre01,1108,Reggie Hearn,2018
henrymy01,1109,Myke Henry,2018
hillida01,1110,Darrun Hilliard,2018
huestjo01,1111,Josh Huestis,2018
huntevi01,1112,Vince Hunter,2018
jackja01,1113,Jarrett Jack,2018
jacksaa01,1114,Aaron Jackson,2018
jeffeal01,1115,Al Jefferson,2018
jefferi01,1116,Richard Jefferson,2018
jennibr01,1117,Brandon Jennings,2018
johnsbr02,1118,Brice Johnson,2018
johnsda04,1119,Dakari Johnson,2018
johnsom01,1120,Omari Johnson,2018
kilpase01,1121,Sean Kilpatrick,2018
kuzmimi01,1122,Mindaugas Kuzminskas,2018
larkish01,1123,Shane Larkin,2018
lauvejo01,1124,Joffrey Lauvergne,2018
liggide01,1125,DeAndre Liggins,2018
mathima01,1126,Mangok Mathiang,2018
mcadoja01,1127,James Michael McAdoo,2018
mccreer01,1128,Erik McCree,2018
mcculch01,1129,Chris McCullough,2018
mckintr01,1130,Trey McKinney-Jones,2018
mcrobjo01,1131,Josh McRoberts,2018
mickejo01,1132,Jordan Mickey,2018
montelu01,1133,Luis Montero,2018
moorebe01,1134,Ben Moore,2018
mozgoti01,1135,Timofey Mozgov,2018
muhamsh01,1136,Shabazz Muhammad,2018
munfoxa02,1137,Xavier Munford,2018
nelsoja01,1138,Jameer Nelson,2018
noguelu01,1139,Lucas Nogueira,2018
obryajo01,1140,Johnny O'Bryant,2018
okafoem01,1141,Emeka Okafor,2018
onuakch01,1142,Chinanu Onuaku,2018
paigema01,1143,Marcus Paige,2018
papagge01,1144,Georgios Papagiannis,2018
paulbr01,1145,Brandon Paul,2018
paynead01,1146,Adreian Payne,2018
perkike01,1147,Kendrick Perkins,2018
perralo01,1148,London Perrantes,2018
peteral01,1149,Alec Peters,2018
plumlma02,1150,Marshall Plumlee,2018
pulleja01,1151,Jacob Pullen,2018
purviro01,1152,Rodney Purvis,2018
quartti01,1153,Tim Quarterman,2018
randoza01,1154,Zach Randolph,2018
rathaxa01,1155,Xavier Rathan-Mayes,2018
reedwi02,1156,Willie Reed,2018
sessira01,1157,Ramon Sessions,2018
silasxa01,1158,Xavier Silas,2018
singlky01,1159,Kyle Singler,2018
smithjo03,1160,Josh Smith,2018
speigma01,1161,Marreese Speights,2018
stockda01,1162,David Stockton,2018
stoneju01,1163,Julyan Stone,2018
taylois01,1164,Isaiah Taylor,2018
teaguma01,1165,Marquis Teague,2018
teletmi01,1166,Mirza Teletović,2018
terryja01,1167,Jason Terry,2018
vaughra01,1168,Rashad Vaughn,2018
warneja01,1169,Jameel Warney,2018
weartr01,1170,Travis Wear,2018
webbja01,1171,James Webb III,2018
weberbr01,1172,Briante Weber,2018
westda01,1173,David West,2018
whitean01,1174,Andrew White,2018
whiteis01,1175,Isaiah Whitehead,2018
wileyja01,1176,Jacob Wiley,2018
wilkida02,1177,Damien Wilkins,2018
willide02,1178,Derrick Williams,2018
willima05,1179,Matt Williams,2018
wilsoja02,1180,Jamil Wilson,2018
witheje01,1181,Jeff Withey,2018
woltena01,1182,Nate Wolters,2018
wrighbr03,1183,Brandan Wright,2018
youngja01,1184,James Young,2018
youngjo01,1185,Joe Young,2018
zipsepa01,1186,Paul Zipser,2018
ajincal01,1187,Alexis Ajinça,2017
allenla01,1188,Lavoy Allen,2017
anderch01,1189,Chris Andersen,2017
anderal01,1190,Alan Anderson,2017
anthojo01,1191,Joel Anthony,2017
barbole01,1192,Leandro Barbosa,2017
barnema02,1193,Matt Barnes,2017
bassbr01,1194,Brandon Bass,2017
bennean01,1195,Anthony Bennett,2017
bentibe01,1196,Ben Bentil,2017
chrisra01,1197,Rakeem Christmas,2017
chrisse01,1198,Semaj Christon,2017
coleno01,1199,Norris Cole,2017
diawbo01,1200,Boris Diaw,2017
douglto01,1201,Toney Douglas,2017
dunlemi02,1202,Mike Dunleavy,2017
ellismo01,1203,Monta Ellis,2017
farmajo01,1204,Jordan Farmar,2017
foyera01,1205,Randy Foye,2017
garinpa01,1206,Patricio Garino,2017
gbinimi01,1207,Michael Gbinije,2017
geeal01,1208,Alonzo Gee,2017
goodwar01,1209,Archie Goodwin,2017
hamilju01,1210,Justin Hamilton,2017
hammoaj01,1211,A.J. Hammons,2017
harpeju01,1212,Justin Harper,2017
harrima01,1213,Manny Harris,2017
hawessp01,1214,Spencer Hawes,2017
hendege02,1215,Gerald Henderson,2017
hibbero01,1216,Roy Hibbert,2017
hilljo01,1217,Jordan Hill,2017
huertma01,1218,Marcelo Huertas,2017
humphkr01,1219,Kris Humphries,2017
jackspi01,1220,Pierre Jackson,2017
jonesda02,1221,Dahntay Jones,2017
jonesja02,1222,James Jones,2017
kellyry01,1223,Ryan Kelly,2017
laproni01,1224,Nicolás Laprovíttola,2017
lawsoty01,1225,Ty Lawson,2017
leeda02,1226,David Lee,2017
longsh01,1227,Shawn Long,2017
lucasjo02,1228,John Lucas III,2017
mcclesh01,1229,Sheldon Mac,2017
mcdankj01,1230,K.J. McDaniels,2017
millemi01,1231,Mike Miller,2017
millsel01,1232,Elijah Millsap,2017
morroan01,1233,Anthony Morrow,2017
ndourma01,1234,Maurice Ndour,2017
nealga01,1235,Gary Neal,2017
nichoan01,1236,Andrew Nicholson,2017
novakst01,1237,Steve Novak,2017
ochefda01,1238,Daniel Ochefu,2017
onuakar01,1239,Arinze Onuaku,2017
pattela01,1240,Lamar Patterson,2017
piercpa01,1241,Paul Pierce,2017
pricero01,1242,Ronnie Price,2017
roberbr01,1243,Brian Roberts,2017
robinth01,1244,Thomas Robinson,2017
rodrise01,1245,Sergio Rodríguez,2017
rudezda01,1246,Damjan Rudež,2017
rushbr01,1247,Brandon Rush,2017
sandela01,1248,Larry Sanders,2017
scolalu01,1249,Luis Scola,2017
serapke01,1250,Kevin Séraphin,2017
splitti01,1251,Tiago Splitter,2017
stokeja01,1252,Jarnell Stokes,2017
stonedi01,1253,Diamond Stone,2017
stuckro01,1254,Rodney Stuckey,2017
sullija01,1255,Jared Sullinger,2017
tavarwa01,1256,Edy Tavares,2017
thompho01,1257,Hollis Thompson,2017
thornma01,1258,Marcus Thornton,2017
tobeymi01,1259,Mike Tobey,2017
udrihbe01,1260,Beno Udrih,2017
vasqugr01,1261,Greivis Vásquez,2017
vujacsa01,1262,Sasha Vujačić,2017
watsocj01,1263,C.J. Watson,2017
wilcocj01,1264,C.J. Wilcox,2017
willide01,1265,Deron Williams,2017
willire02,1266,Reggie Williams,2017
wiltjky01,1267,Kyle Wiltjer,2017
artesro01,1268,Metta World Peace,2017
zimmest01,1269,Stephen Zimmerman,2017
adamsjo01,1270,Jordan Adams,2016
alexacl01,1271,Cliff Alexander,2016
amundlo01,1272,Lou Amundson,2016
anderja01,1273,James Anderson,2016
applike01,1274,Keith Appling,2016
pendeje02,1275,Jeff Ayres,2016
bairsca01,1276,Cameron Bairstow,2016
bargnan01,1277,Andrea Bargnani,2016
blairde01,1278,DeJuan Blair,2016
blakest01,1279,Steve Blake,2016
bonnema01,1280,Matt Bonner,2016
boshch01,1281,Chris Bosh,2016
brandel01,1282,Elton Brand,2016
bryanko01,1283,Kobe Bryant,2016
budinch01,1284,Chase Budinger,2016
butleca01,1285,Caron Butler,2016
butlera01,1286,Rasual Butler,2016
clarkco01,1287,Coty Clarke,2016
copelch01,1288,Chris Copeland,2016
cottobr01,1289,Bryce Cotton,2016
cunnija01,1290,Jared Cunningham,2016
dawsobr01,1291,Branden Dawson,2016
dejeabr01,1292,Bryce Dejean-Jones,2016
dukandu01,1293,Duje Dukan,2016
duncati01,1294,Tim Duncan,2016
earlycl01,1295,Cleanthony Early,2016
ezelife01,1296,Festus Ezeli,2016
garneke01,1297,Kevin Garnett,2016
goodedr01,1298,Drew Gooden,2016
goudean01,1299,Andrew Goudelock,2016
greener01,1300,Erick Green,2016
gutiejo01,1301,Jorge Gutiérrez,2016
hairspj02,1302,P.J. Hairston,2016
hamiljo02,1303,Jordan Hamilton,2016
hansbty01,1304,Tyler Hansbrough,2016
hayesch01,1305,Chuck Hayes,2016
hicksjj01,1306,J.J. Hickson,2016
hinriki01,1307,Kirk Hinrich,2016
holliry01,1308,Ryan Hollins,2016
inglida01,1309,Damien Inglis,2016
jeffeco01,1310,Cory Jefferson,2016
johnsch04,1311,Chris Johnson,2016
johnsor01,1312,Orlando Johnson,2016
kamanch01,1313,Chris Kaman,2016
karasse01,1314,Sergey Karasev,2016
kaunsa01,1315,Sasha Kaun,2016
landrca01,1316,Carl Landry,2016
marblde01,1317,Devyn Marble,2016
marshke01,1318,Kendall Marshall,2016
martike02,1319,Kevin Martin,2016
mayooj01,1320,O.J. Mayo,2016
mccalra01,1321,Ray McCallum,2016
mcgarmi01,1322,Mitch McGary,2016
millean02,1323,Andre Miller,2016
mohamna01,1324,Nazr Mohammed,2016
obriejj01,1325,J.J. O'Brien,2016
papanko01,1326,Kostas Papanikolaou,2016
pekovni01,1327,Nikola Peković,2016
pleisti01,1328,Tibor Pleiß,2016
pressph01,1329,Phil Pressey,2016
prigipa01,1330,Pablo Prigioni,2016
princta01,1331,Tayshaun Prince,2016
robinna01,1332,Nate Robinson,2016
sacrero01,1333,Robert Sacre,2016
simshe01,1334,Henry Sims,2016
sloando01,1335,Donald Sloan,2016
smithgr02,1336,Greg Smith,2016
smithru01,1337,Russ Smith,2016
stephal01,1338,Alex Stepheson,2016
stoudam01,1339,Amar'e Stoudemire,2016
thompja02,1340,Jason Thompson,2016
villach01,1341,Charlie Villanueva,2016
weemsso01,1342,Sonny Weems,2016
whittsh01,1343,Shayne Whittington,2016
williel01,1344,Elliot Williams,2016
willima01,1345,Mo Williams,2016
wroteto01,1346,Tony Wroten,2016
adrieje01,1347,Jeff Adrien,2015
aldemfu01,1348,Furkan Aldemir,2015
anticpe01,1349,Pero Antić,2015
barroea01,1350,Earl Barron,2015
benimje01,1351,Jerrelle Benimon,2015
bhullsi01,1352,Sim Bhullar,2015
boozeca01,1353,Carlos Boozer,2015
brownja01,1354,Jabari Brown,2015
brownsh01,1355,Shannon Brown,2015
bynumwi01,1356,Will Bynum,2015
calatni01,1357,Nick Calathes,2015
cherrwi01,1358,Will Cherry,2015
chrispa01,1359,Patrick Christopher,2015
clarkea01,1360,Earl Clark,2015
clavevi01,1361,Victor Claver,2015
dalemsa01,1362,Samuel Dalembert,2015
datomlu01,1363,Gigi Datome,2015
daviebr01,1364,Brandon Davies,2015
davisgl01,1365,Glen Davis,2015
dawkian01,1366,Andre Dawkins,2015
dayeau01,1367,Austin Daye,2015
dorsejo01,1368,Joey Dorsey,2015
douglch01,1369,Chris Douglas-Roberts,2015
dragizo01,1370,Zoran Dragić,2015
evansre01,1371,Reggie Evans,2015
fieldla01,1372,Landry Fields,2015
frankja01,1373,Jamaal Franklin,2015
freeljo01,1374,Joel Freeland,2015
garcifr01,1375,Francisco García,2015
gordobe01,1376,Ben Gordon,2015
gordodr01,1377,Drew Gordon,2015
grangda01,1378,Danny Granger,2015
greenwi01,1379,Willie Green,2015
haywobr01,1380,Brendan Haywood,2015
henryxa01,1381,Xavier Henry,2015
hudsole01,1382,Lester Hudson,2015
hummero01,1383,Robbie Hummel,2015
jamesbe01,1384,Bernard James,2015
jerregr01,1385,Grant Jerrett,2015
johnsni01,1386,Nick Johnson,2015
jonespe01,1387,Perry Jones,2015
jordaje01,1388,Jerome Jordan,2015
kirilan01,1389,Andrei Kirilenko,2015
kirkal01,1390,Alex Kirk,2015
kuzmiog01,1391,Ognjen Kuzmić,2015
ledori01,1392,Ricky Ledo,2015
leema01,1393,Malcolm Lee,2015
mariosh01,1394,Shawn Marion,2015
martica01,1395,Cartier Martin,2015
martike01,1396,Kenyon Martin,2015
maxieja01,1397,Jason Maxiell,2015
mcneaje01,1398,Jerel McNeal,2015
mekelga01,1399,Gal Mekel,2015
millequ01,1400,Quincy Miller,2015
morrida01,1401,Darius Morris,2015
murryto01,1402,Toure' Murry,2015
pargoja01,1403,Jannero Pargo,2015
priceaj01,1404,A.J. Price,2015
radulmi01,1405,Miroslav Raduljica,2015
randosh01,1406,Shavlik Randolph,2015
ricegl02,1407,Glen Rice Jr.,2015
richaja01,1408,Jason Richardson,2015
ridnolu01,1409,Luke Ridnour,2015
salmojo01,1410,John Salmons,2015
shvedal01,1411,Alexey Shved,2015
stiemgr01,1412,Greg Stiemsma,2015
tayloje03,1413,Jeff Taylor,2015
telfase01,1414,Sebastian Telfair,2015
thomama01,1415,Malcolm Thomas,2015
thomaty01,1416,Tyrus Thomas,2015
turiaro01,1417,Ronny Turiaf,2015
turkohe01,1418,Hedo Türkoğlu,2015
walkebi01,1419,Henry Walker,2015
wallage01,1420,Gerald Wallace,2015
wearda01,1421,David Wear,2015
webstma02,1422,Martell Webster,2015
willish03,1423,Shawne Williams,2015
wrighdo01,1424,Dorell Wright,2015
allenra02,1425,Ray Allen,2014
armsthi01,1426,Hilton Armstrong,2014
ayongu01,1427,Gustavo Ayón,2014
babbch01,1428,Chris Babb,2014
battish01,1429,Shane Battier,2014
biedran01,1430,Andris Biedriņš,2014
billuch01,1431,Chauncey Billups,2014
blatcan01,1432,Andray Blatche,2014
boganke01,1433,Keith Bogans,2014
brewero02,1434,Ronnie Brewer,2014
bynuman01,1435,Andrew Bynum,2014
childjo01,1436,Josh Childress,2014
chrisdi01,1437,Dionte Christmas,2014
collija04,1438,Jason Collins,2014
decolna01,1439,Nando De Colo,2014
edwarsh01,1440,Shane Edwards,2014
elyme01,1441,Melvin Ely,2014
favervi01,1442,Vítor Luiz Faverani,2014
felixca01,1443,Carrick Felix,2014
fishede01,1444,Derek Fisher,2014
garredi02,1445,Diante Garrett,2014
gomesry01,1446,Ryan Gomes,2014
grayaa01,1447,Aaron Gray,2014
harrejo01,1448,Josh Harrellson,2014
harrial01,1449,Al Harrington,2014
harriel01,1450,Elias Harris,2014
harrimi01,1451,Mike Harris,2014
iveyro01,1452,Royal Ivey,2014
jacksst02,1453,Stephen Jackson,2014
jamesda01,1454,Damion James,2014
jamesmi01,1455,Mike James,2014
jamisan01,1456,Antawn Jamison,2014
jeffeot01,1457,Othyus Jeffers,2014
johnsda03,1458,Darius Johnson-Odom,2014
jonesso01,1459,Solomon Jones,2014
kravtvi01,1460,Viacheslav Kravtsov,2014
lambdo01,1461,Doron Lamb,2014
lewisra02,1462,Rashard Lewis,2014
masonro01,1463,Roger Mason,2014
maynoer01,1464,Eric Maynor,2014
mitchto02,1465,Tony Mitchell,2014
mitchto03,1466,Tony Mitchell,2014
moultar01,1467,Arnett Moultrie,2014
mulleby01,1468,Byron Mullens,2014
murpher01,1469,Erik Murphy,2014
ndiayha01,1470,Hamady N'Diaye,2014
nashst01,1471,Steve Nash,2014
nedovne01,1472,Nemanja Nedović,2014
onealje01,1473,Jermaine O'Neal,2014
odengr01,1474,Greg Oden,2014
ortonda01,1475,Daniel Orton,2014
outlatr01,1476,Travis Outlaw,2014
pittmde01,1477,Dexter Pittman,2014
poweljo01,1478,Josh Powell,2014
randoan01,1479,Anthony Randolph,2014
shakumu01,1480,Mustafa Shakur,2014
shengto01,1481,Tornike Shengelia,2014
singlch01,1482,Chris Singleton,2014
sivape01,1483,Peyton Siva,2014
smithch05,1484,Chris Smith,2014
southja01,1485,James Southerland,2014
tayloty01,1486,Tyshawn Taylor,2014
thabeha01,1487,Hasheem Thabeet,2014
thomaad01,1488,Adonis Thomas,2014
tinslja01,1489,Jamaal Tinsley,2014
tylerje01,1490,Jeremy Tyler,2014
varnaja01,1491,Jarvis Varnado,2014
veselja01,1492,Jan Veselý,2014
wareca01,1493,Casper Ware,2014
watsoea01,1494,Earl Watson,2014
waynsma01,1495,Maalik Wayns,2014
whitedj01,1496,D.J. White,2014
whitero03,1497,Royce White,2014
wrighch01,1498,Chris Wright,2014
akognjo01,1499,Josh Akognon,2013
beaubro01,1500,Rodrigue Beaubois,2013
brownkw01,1501,Kwame Brown,2013
cambyma01,1502,Marcus Camby,2013
carroma01,1503,Matt Carroll,2013
conrowi01,1504,Will Conroy,2013
cookda02,1505,Daequan Cook,2013
curryed01,1506,Eddy Curry,2013
daniema01,1507,Marquis Daniels,2013
delfica01,1508,Carlos Delfino,2013
dentmju01,1509,Justin Dentmon,2013
diopde01,1510,DeSagana Diop,2013
doolike01,1511,Keyon Dooling,2013
duhonch01,1512,Chris Duhon,2013
ebankde01,1513,Devin Ebanks,2013
engliki01,1514,Kim English,2013
gelabmi01,1515,Mickaël Gelabale,2013
gibsoda01,1516,Daniel Gibson,2013
haddaha01,1517,Hamed Haddadi,2013
hamilri01,1518,Richard Hamilton,2013
hansbbe01,1519,Ben Hansbrough,2013
harrite01,1520,Terrel Harris,2013
haywala01,1521,Lazar Hayward,2013
higgico01,1522,Cory Higgins,2013
hillgr01,1523,Grant Hill,2013
honeyty01,1524,Tyler Honeycutt,2013
howarjo01,1525,Josh Howard,2013
howarju01,1526,Juwan Howard,2013
jeffrja01,1527,Jared Jeffries,2013
jenkich01,1528,Charles Jenkins,2013
johnsch03,1529,Chris Johnson,2013
johnsiv01,1530,Ivan Johnson,2013
jonesde01,1531,DeQuan Jones,2013
jonesdo02,1532,Dominique Jones,2013
joneske01,1533,Kevin Jones,2013
josepkr01,1534,Kris Joseph,2013
kiddja01,1535,Jason Kidd,2013
kleizli01,1536,Linas Kleiza,2013
maggeco01,1537,Corey Maggette,2013
mcguido01,1538,Dominic McGuire,2013
melofa01,1539,Fab Melo,2013
milicda01,1540,Darko Miličić,2013
murphke01,1541,Kevin Murphy,2013
murphtr01,1542,Troy Murphy,2013
odomla01,1543,Lamar Odom,2013
ohlbrti01,1544,Tim Ohlbrecht,2013
pavloal01,1545,Sasha Pavlović,2013
petrojo01,1546,Johan Petro,2013
pietrmi01,1547,Mickaël Piétrus,2013
przybjo01,1548,Joel Przybilla,2013
quinnch01,1549,Chris Quinn,2013
radmavl01,1550,Vladimir Radmanović,2013
richaqu01,1551,Quentin Richardson,2013
roybr01,1552,Brandon Roy,2013
samuesa01,1553,Samardo Samuels,2013
selbyjo01,1554,Josh Selby,2013
smithno01,1555,Nolan Smith,2013
stackje01,1556,Jerry Stackhouse,2013
stevede01,1557,DeShawn Stevenson,2013
summeda01,1558,DaJuan Summers,2013
thomaku01,1559,Kurt Thomas,2013
wallara01,1560,Rasheed Wallace,2013
waltolu01,1561,Luke Walton,2013
warriha01,1562,Hakim Warrick,2013
whiteja02,1563,James White,2013
wilcoch01,1564,Chris Wilcox,2013
willite01,1565,Terrence Williams,2013
wrighch02,1566,Chris Wright,2013
youngsa01,1567,Sam Young,2013
zellelu01,1568,Luke Zeller,2013
ahearbl01,1569,Blake Ahearn,2012
alabiso01,1570,Solomon Alabi,2012
almonmo01,1571,Morris Almond,2012
arenagi01,1572,Gilbert Arenas,2012
azubuke01,1573,Kelenna Azubuike,2012
balkmre01,1574,Renaldo Balkman,2012
battito01,1575,Tony Battie,2012
bellra01,1576,Raja Bell,2012
bensoke02,1577,Keith Benson,2012
bibbymi01,1578,Mike Bibby,2012
boykiea01,1579,Earl Boykins,2012
brackcr01,1580,Craig Brackins,2012
brockjo01,1581,Jon Brockman,2012
brownde04,1582,Derrick Brown,2012
byarsde01,1583,Derrick Byars,2012
cardibr01,1584,Brian Cardinal,2012
cartean01,1585,Anthony Carter,2012
cookbr01,1586,Brian Cook,2012
dampier01,1587,Erick Dampier,2012
davisba01,1588,Baron Davis,2012
davisjo02,1589,Josh Davis,2012
dawsoer01,1590,Eric Dawson,2012
dioguik01,1591,Ike Diogu,2012
dysonje01,1592,Jerome Dyson,2012
elsonfr01,1593,Francisco Elson,2012
emmetan01,1594,Andre Emmett,2012
erdense01,1595,Semih Erden,2012
evansma01,1596,Maurice Evans,2012
eyengch01,1597,Christian Eyenga,2012
fernaru01,1598,Rudy Fernández,2012
fesenky01,1599,Kyrylo Fesenko,2012
flynnjo01,1600,Jonny Flynn,2012
footeje01,1601,Jeff Foote,2012
forbega01,1602,Gary Forbes,2012
fordtj01,1603,T.J. Ford,2012
fortsco01,1604,Courtney Fortson,2012
fosteje01,1605,Jeff Foster,2012
gadzuda01,1606,Dan Gadzuric,2012
gainesu01,1607,Sundiata Gaines,2012
gladnmi01,1608,Mickell Gladness,2012
greendo01,1609,Donté Greene,2012
haranlu01,1610,Luke Harangody,2012
hobsoda01,1611,Darington Hobson,2012
hornede01,1612,Dennis Horner,2012
hughela01,1613,Larry Hughes,2012
jianlyi01,1614,Yi Jianlian,2012
johnsar02,1615,Armon Johnson,2012
johnsca01,1616,Carldell Johnson,2012
johnsja02,1617,JaJuan Johnson,2012
johnstr01,1618,Trey Johnson,2012
kaponja01,1619,Jason Kapono,2012
kennedj01,1620,D.J. Kennedy,2012
leslitr01,1621,Travis Leslie,2012
macklve01,1622,Vernon Macklin,2012
magloja01,1623,Jamaal Magloire,2012
mcgratr01,1624,Tracy McGrady,2012
millebr01,1625,Brad Miller,2012
moonja01,1626,Jamario Moon,2012
mooremi01,1627,Mikki Moore,2012
najered01,1628,Eduardo Nájera,2012
nocioan01,1629,Andrés Nocioni,2012
okurme01,1630,Mehmet Okur,2012
owensla01,1631,Larry Owens,2012
parkean01,1632,Anthony Parker,2012
reddmi01,1633,Michael Redd,2012
reidry01,1634,Ryan Reid,2012
russewa02,1635,Walker Russell,2012
scalabr01,1636,Brian Scalabrine,2012
simmobo01,1637,Bobby Simmons,2012
singlja01,1638,James Singleton,2012
skinnbr01,1639,Brian Skinner,2012
smithcr01,1640,Craig Smith,2012
smithje01,1641,Jerry Smith,2012
thomptr02,1642,Trey Thompkins,2012
thompmy02,1643,Mychel Thompson,2012
ubileed01,1644,Edwin Ubiles,2012
uzohbe01,1645,Ben Uzoh,2012
wafervo01,1646,Von Wafer,2012
wallabe01,1647,Ben Wallace,2012
watkida01,1648,Darryl Watkins,2012
westde01,1649,Delonte West,2012
willijo03,1650,Jordan Williams,2012
willise01,1651,Sean Williams,2012
willish02,1652,Shelden Williams,2012
agerma01,1653,Maurice Ager,2011
allenma01,1654,Malik Allen,2011
anderda03,1655,David Andersen,2011
arroyca01,1656,Carlos Arroyo,2011
banksma01,1657,Marcus Banks,2011
bellch01,1658,Charlie Bell,2011
caracde01,1659,Derrick Caracter,2011
carnero01,1660,Rodney Carney,2011
collija03,1661,Jarron Collins,2011
collish01,1662,Sherron Collins,2011
cousima01,1663,Marcus Cousin,2011
daniean01,1664,Antonio Daniels,2011
dowdeza01,1665,Zabian Dowdell,2011
duprero01,1666,Ronald Dupree,2011
ewingpa02,1667,Patrick Ewing,2011
grahajo01,1668,Joey Graham,2011
grahast01,1669,Stephen Graham,2011
greenor01,1670,Orien Greene,2011
headlu01,1671,Luther Head,2011
houseed01,1672,Eddie House,2011
ilgauzy01,1673,Zydrunas Ilgauskas,2011
mbengdj01,1674,D.J. Mbenga,2011
jacksda01,1675,Darnell Jackson,2011
jetereu01,1676,Eugene Jeter,2011
krstine01,1677,Nenad Krstić,2011
lawac01,1678,Acie Law,2011
lawalga01,1679,Gani Lawal,2011
marksse01,1680,Sean Marks,2011
mcdyean01,1681,Antonio McDyess,2011
mensapo01,1682,Pops Mensah-Bonsu,2011
mingya01,1683,Yao Ming,2011
onealsh01,1684,Shaquille O'Neal,2011
obertfa01,1685,Fabricio Oberto,2011
petermo01,1686,Morris Peterson,2011
poseyja01,1687,James Posey,2011
powele01,1688,Leon Powe,2011
ratlith01,1689,Theo Ratliff,2011
rautian01,1690,Andy Rautins,2011
rossqu01,1691,Quinton Ross,2011
silerga01,1692,Garret Siler,2011
smithjo02,1693,Joe Smith,2011
songada01,1694,Darius Songaila,2011
stojape01,1695,Peja Stojaković,2011
sypa01,1696,Pape Sy,2011
tayloje02,1697,Jermaine Taylor,2011
thomaet01,1698,Etan Thomas,2011
thornal01,1699,Al Thornton,2011
udokaim01,1700,Ime Udoka,2011
warrewi01,1701,Willie Warren,2011
weaveky01,1702,Kyle Weaver,2011
westma02,1703,Mario West,2011
willija02,1704,Jason Williams,2011
willija04,1705,Jawad Williams,2011
wrighan01,1706,Antoine Wright,2011
wrighju01,1707,Julian Wright,2011
alexajo01,1708,Joe Alexander,2010
alstora01,1709,Rafer Alston,2010
anderan02,1710,Antonio Anderson,2010
atkinch01,1711,Chucky Atkins,2010
bendejo01,1712,Jonathan Bender,2010
boonejo01,1713,Josh Boone,2010
bowenry01,1714,Ryan Bowen,2010
brezepr01,1715,Primož Brezec,2010
brownde02,1716,Devin Brown,2010
collima01,1717,Mardy Collins,2010
curryja01,1718,JamesOn Curry,2010
davispa01,1719,Paul Davis,2010
davisri01,1720,Ricky Davis,2010
diawaya01,1721,Yakhouba Diawara,2010
dienetr01,1722,Travis Diener,2010
finlemi01,1723,Michael Finley,2010
georgde01,1724,Devean George,2010
giddejr01,1725,J.R. Giddens,2010
gildetr01,1726,Trey Gilder,2010
griffta01,1727,Taylor Griffin,2010
hairsma01,1728,Malik Hairston,2010
haislma01,1729,Marcus Haislip,2010
hartja01,1730,Jason Hart,2010
hassetr01,1731,Trenton Hassell,2010
hayesja01,1732,Jarvis Hayes,2010
huntech01,1733,Chris Hunter,2010
hunteli01,1734,Lindsey Hunter,2010
hunteot01,1735,Othello Hunter,2010
huntest01,1736,Steven Hunter,2010
iversal01,1737,Allen Iverson,2010
jacksce01,1738,Cedric Jackson,2010
jawaina01,1739,Nathan Jawai,2010
johnsan02,1740,Anthony Johnson,2010
jonesdw02,1741,Dwayne Jones,2010
karlco01,1742,Coby Karl,2010
lafayol01,1743,Oliver Lafayette,2010
landrma01,1744,Marcus Landry,2010
masonde01,1745,Desmond Mason,2010
mayse01,1746,Sean May,2010
morrira01,1747,Randolph Morris,2010
morriad01,1748,Adam Morrison,2010
murraro01,1749,Ronald Murray,2010
nestera01,1750,Rasho Nesterović,2010
obryapa01,1751,Patrick O'Bryant,2010
ollieke01,1752,Kevin Ollie,2010
pecheol01,1753,Oleksiy Pecherov,2010
richach01,1754,Chris Richard,2010
rushka01,1755,Kareem Rush,2010
thomake01,1756,Kenny Thomas,2010
thomati01,1757,Tim Thomas,2010
tuckeal02,1758,Alando Tucker,2010
ukicro01,1759,Roko Ukić,2010
wilksmi01,1760,Mike Wilks,2010
willima03,1761,Marcus Williams,2010
ackeral01,1762,Alex Acker,2009
adamsha01,1763,Hassan Adams,2009
barrybr01,1764,Brent Barry,2009
bastoma01,1765,Maceo Baston,2009
blounma01,1766,Mark Blount,2009
boothca01,1767,Calvin Booth,2009
bowenbr01,1768,Bruce Bowen,2009
brownan01,1769,Andre Brown,2009
brownde03,1770,Dee Brown,2009
buckngr01,1771,Greg Buckner,2009
claxtsp01,1772,Speedy Claxton,2009
crawfjo01,1773,Joe Crawford,2009
crittja01,1774,Javaris Crittenton,2009
croshau01,1775,Austin Croshere,2009
davidje01,1776,Jermareo Davidson,2009
dixonju01,1777,Juan Dixon,2009
doubyqu01,1778,Quincy Douby,2009
farmede01,1779,Desmon Farmer,2009
foylead01,1780,Adonal Foyle,2009
gardnth01,1781,Thomas Gardner,2009
gilled01,1782,Eddie Gill,2009
harprma01,1783,Matt Harpring,2009
herrmwa01,1784,Walter Herrmann,2009
hillst01,1785,Steven Hill,2009
jacksbo01,1786,Bobby Jackson,2009
jamesje01,1787,Jerome James,2009
jaricma01,1788,Marko Jarić,2009
jeffedo01,1789,Dontell Jefferson,2009
johnsli01,1790,Linton Johnson,2009
jonesda01,1791,Damon Jones,2009
jonesfr01,1792,Fred Jones,2009
kinseta01,1793,Tarence Kinsey,2009
knighbr01,1794,Brevin Knight,2009
kurzro01,1795,Rob Kurz,2009
luety01,1796,Tyronn Lue,2009
madsema01,1797,Mark Madsen,2009
marbust01,1798,Stephon Marbury,2009
marshdo01,1799,Donyell Marshall,2009
mccanra01,1800,Rashad McCants,2009
mihmch01,1801,Chris Mihm,2009
milesda01,1802,Darius Miles,2009
moblecu01,1803,Cuttino Mobley,2009
mutomdi01,1804,Dikembe Mutombo,2009
nelsode01,1805,DeMarcus Nelson,2009
nichode01,1806,Demetris Nichols,2009
pruitga01,1807,Gabe Pruitt,2009
richaje01,1808,Jeremy Richardson,2009
roberan02,1809,Anthony Roberson,2009
rosema01,1810,Malik Rose,2009
ruffimi01,1811,Michael Ruffin,2009
sambch01,1812,Cheikh Samb,2009
senesa01,1813,Mouhamed Sene,2009
sharpwa01,1814,Walter Sharpe,2009
simmoce01,1815,Cedric Simmons,2009
simsco01,1816,Courtney Sims,2009
singlse01,1817,Sean Singletary,2009
solomwi01,1818,Will Solomon,2009
swiftro01,1819,Robert Swift,2009
swiftst01,1820,Stromile Swift,2009
szczewa02,1821,Wally Szczerbiak,2009
taylomi01,1822,Mike Taylor,2009
vaughja01,1823,Jacque Vaughn,2009
voskuja01,1824,Jake Voskuhl,2009
willima04,1825,Marcus Williams,2009
wrighlo02,1826,Lorenzen Wright,2009
yuesu01,1827,Sun Yue,2009
abdursh01,1828,Shareef Abdur-Rahim,2008
allrela01,1829,Lance Allred,2008
anderde01,1830,Derek Anderson,2008
armstda01,1831,Darrell Armstrong,2008
augusja01,1832,James Augustine,2008
barrean01,1833,Andre Barrett,2008
brownpj01,1834,P.J. Brown,2008
cassesa01,1835,Sam Cassell,2008
diazgu01,1836,Guillermo Díaz,2008
dickada01,1837,Dan Dickau,2008
dickeka01,1838,Kaniel Dickens,2008
doleami01,1839,Michael Doleac,2008
fazekni01,1840,Nick Fazekas,2008
frahmri01,1841,Richie Frahm,2008
francst01,1842,Steve Francis,2008
garbajo01,1843,Jorge Garbajosa,2008
garripa01,1844,Pat Garrity,2008
giricgo01,1845,Gordan Giriček,2008
greenta01,1846,Taurean Green,2008
griffad01,1847,Adrian Griffin,2008
hardaan01,1848,Anfernee Hardaway,2008
harriot01,1849,Othella Harrington,2008
harrida01,1850,David Harrison,2008
horryro01,1851,Robert Horry,2008
hudsotr01,1852,Troy Hudson,2008
jackslu02,1853,Luke Jackson,2008
jacobca01,1854,Casey Jacobsen,2008
johnsal01,1855,Alexander Johnson,2008
johnsde03,1856,DerMarr Johnson,2008
jonesbo02,1857,Bobby Jones,2008
jonesed02,1858,Eddie Jones,2008
khryavi01,1859,Viktor Khryapa,2008
lafrera01,1860,Raef LaFrentz,2008
langfke01,1861,Keith Langford,2008
lasmest01,1862,Stéphane Lasme,2008
martida01,1863,Darrick Martin,2008
mccoyje01,1864,Jelani McCoy,2008
mcinnje01,1865,Jeff McInnis,2008
mournal01,1866,Alonzo Mourning,2008
nachbbo01,1867,Boštjan Nachbar,2008
navarju01,1868,Juan Carlos Navarro,2008
newblir01,1869,Ira Newble,2008
outlabo01,1870,Bo Outlaw,2008
owensan01,1871,Andre Owens,2008
parkesm01,1872,Smush Parker,2008
patteru01,1873,Ruben Patterson,2008
perovko01,1874,Kosta Perović,2008
piatker01,1875,Eric Piatkowski,2008
pollasc01,1876,Scot Pollard,2008
powelka01,1877,Kasib Powell,2008
snower01,1878,Eric Snow,2008
snydeki01,1879,Kirk Snyder,2008
storeaw01,1880,Awvee Storey,2008
stoudda01,1881,Damon Stoudamire,2008
stoudsa01,1882,Salim Stoudamire,2008
strawdj01,1883,D.J. Strawberry,2008
thomabi01,1884,Billy Thomas,2008
vincima01,1885,Marcus Vinicius,2008
walkean02,1886,Antoine Walker,2008
washida01,1887,Darius Washington,2008
webbech01,1888,Chris Webber,2008
wellsbo01,1889,Bonzi Wells,2008
williaa01,1890,Aaron Williams,2008
williju01,1891,Justin Williams,2008
woodslo01,1892,Loren Woods,2008
araujra01,1893,Rafael Araújo,2007
batises01,1894,Esteban Batista,2007
blalowi01,1895,Will Blalock,2007
bozemce01,1896,Cedric Bozeman,2007
burkepa01,1897,Pat Burke,2007
butleja01,1898,Jackie Butler,2007
catoke01,1899,Kelvin Cato,2007
chrisdo01,1900,Doug Christie,2007
davisda01,1901,Dale Davis,2007
ewingda01,1902,Daniel Ewing,2007
fortsda01,1903,Danny Fortson,2007
freijma01,1904,Matt Freije,2007
glynian01,1905,Andreas Glyniadakis,2007
greerly01,1906,Lynn Greer,2007
griffed01,1907,Eddie Griffin,2007
hallmi01,1908,Mike Hall,2007
harriju01,1909,Junior Harrington,2007
hendeal01,1910,Alan Henderson,2007
hitero01,1911,Robert Hite,2007
hodgeju01,1912,Julius Hodge,2007
ilicmi01,1913,Mile Ilić,2007
jacksma02,1914,Marc Jackson,2007
jasiksa01,1915,Šarūnas Jasikevičius,2007
jonesju01,1916,Jumaine Jones,2007
korolya01,1917,Yaroslav Korolev,2007
langja01,1918,James Lang,2007
livinra01,1919,Randy Livingston,2007
majorre01,1920,Renaldo Major,2007
markoda01,1921,Damir Markota,2007
marshra01,1922,Rawle Marshall,2007
mccrach01,1923,Chris McCray,2007
mcfariv01,1924,Ivan McFarlin,2007
mckieaa01,1925,Aaron McKie,2007
mcleoke01,1926,Keith McLeod,2007
medvest01,1927,Stanislav Medvedenko,2007
noelda01,1928,David Noel,2007
olowomi01,1929,Michael Olowokandi,2007
padgesc01,1930,Scott Padgett,2007
paytoga01,1931,Gary Payton,2007
pinknke01,1932,Kevinn Pinkney,2007
potapvi01,1933,Vitaly Potapenko,2007
powelro01,1934,Roger Powell,2007
rayal01,1935,Allan Ray,2007
reedju01,1936,Justin Reed,2007
reineja01,1937,Jared Reiner,2007
roberla01,1938,Lawrence Roberts,2007
robinbe01,1939,Bernard Robinson,2007
robincl02,1940,Clifford Robinson,2007
roseja01,1941,Jalen Rose,2007
sampsja01,1942,Jamal Sampson,2007
schenlu01,1943,Luke Schenscher,2007
simiewa01,1944,Wayne Simien,2007
slokaur01,1945,Uroš Slokar,2007
smithst03,1946,Steven Smith,2007
sowpa01,1947,Pape Sow,2007
spanova01,1948,Vassilis Spanoulis,2007
sweetmi01,1949,Mike Sweetney,2007
taylodo01,1950,Donell Taylor,2007
tayloma01,1951,Maurice Taylor,2007
thompdi01,1952,Dijon Thompson,2007
tsakaja01,1953,Jake Tsakalidis,2007
wagneda02,1954,Dajuan Wagner,2007
wesleda01,1955,David Wesley,2007
willial02,1956,Alvin Williams,2007
willier01,1957,Eric Williams,2007
willish01,1958,Shammond Williams,2007
willico02,1959,Corliss Williamson,2007
willike02,1960,Kevin Willis,2007
wrighbr02,1961,Bracey Wright,2007
andersh01,1962,Shandon Anderson,2006
andrima01,1963,Martynas Andriuškevičius,2006
augmost01,1964,Stacey Augmon,2006
bakervi01,1965,Vin Baker,2006
barryjo01,1966,Jon Barry,2006
basdeed01,1967,Eddie Basden,2006
baxtelo01,1968,Lonny Baxter,2006
bradlmi01,1969,Michael Bradley,2006
brunsri01,1970,Rick Brunson,2006
burksan01,1971,Antonio Burks,2006
burleke01,1972,Kevin Burleson,2006
cabarza01,1973,Žarko Čabarkapa,2006
cheanca01,1974,Calbert Cheaney,2006
cleavma01,1975,Mateen Cleaves,2006
davisan01,1976,Antonio Davis,2006
delkto01,1977,Tony Delk,2006
edwarjo01,1978,John Edwards,2006
eisleho01,1979,Howard Eisley,2006
felixno01,1980,Noel Felix,2006
fitchge01,1981,Gerald Fitch,2006
fizerma01,1982,Marcus Fizer,2006
fordsh02,1983,Sharrod Ford,2006
gaide01,1984,Deng Gai,2006
gainere01,1985,Reece Gaines,2006
goldwan01,1986,Anthony Goldwire,2006
grantbr01,1987,Brian Grant,2006
greende01,1988,Devin Green,2006
grundan01,1989,Anthony Grundy,2006
hamilze01,1990,Zendon Hamilton,2006
holcora01,1991,Randy Holcomb,2006
jacksje01,1992,Jermaine Jackson,2006
jacksji01,1993,Jim Jackson,2006
johnser02,1994,Ervin Johnson,2006
kasunma01,1995,Mario Kasun,2006
kukocto01,1996,Toni Kukoč,2006
lampema01,1997,Maciej Lampe,2006
lenarvo01,1998,Voshon Lenard,2006
macijar01,1999,Arvydas Macijauskas,2006
mccarwa01,2000,Walter McCarty,2006
milesaa01,2001,Aaron Miles,2006
moniase01,2002,Sergei Monia,2006
morrite01,2003,Terence Morris,2006
murrala01,2004,Lamond Murray,2006
ndongbo01,2005,Boniface N'Dong,2006
nailole01,2006,Lee Nailon,2006
norrimo01,2007,Moochie Norris,2006
ostergr01,2008,Greg Ostertag,2006
palacmi01,2009,Milt Palacio,2006
planizo01,2010,Zoran Planinić,2006
podkopa01,2011,Pavel Podkolzin,2006
profila01,2012,Laron Profit,2006
rebraze01,2013,Željko Rebrača,2006
russebr01,2014,Bryon Russell,2006
sandeme01,2015,Melvin Sanders,2006
scaleal01,2016,Alex Scales,2006
seungha01,2017,Ha Seung-Jin,2006
smithch04,2018,Charles Smith,2006
smithdo04,2019,Donta Smith,2006
taftch01,2020,Chris Taft,2006
thomaja02,2021,James Thomas,2006
thomajo02,2022,John Thomas,2006
tskitni01,2023,Nikoloz Tskitishvili,2006
vanexni01,2024,Nick Van Exel,2006
vanhoke01,2025,Keith Van Horn,2006
vromaja01,2026,Jackson Vroman,2006
walkesa01,2027,Samaki Walker,2006
walshma01,2028,Matt Walsh,2006
welscji01,2029,Jiří Welsch,2006
whalero01,2030,Robert Whaley,2006
woodsqy01,2031,Qyntel Woods,2006
zimmede01,2032,Derrick Zimmerman,2006
alexaco01,2033,Cory Alexander,2005
anderke01,2034,Kenny Anderson,2005
bakerma01,2035,Maurice Baker,2005
besttr01,2036,Travis Best,2005
bobbito01,2037,Tony Bobbitt,2005
borchcu01,2038,Curtis Borchardt,2005
bradlsh01,2039,Shawn Bradley,2005
braggto01,2040,Torraye Braggs,2005
breweja01,2041,Jamison Brewer,2005
brownda02,2042,Damone Brown,2005
brownke01,2043,Kedrick Brown,2005
brownti01,2044,Tierre Brown,2005
buforro01,2045,Rodney Buford,2005
campbel01,2046,Elden Campbell,2005
carlige01,2047,Geno Carlisle,2005
chalmli01,2048,Lionel Chalmers,2005
colemde01,2049,Derrick Coleman,2005
collija02,2050,Jason Collier,2005
cookom01,2051,Omar Cook,2005
currymi01,2052,Michael Curry,2005
danieer01,2053,Erik Daniels,2005
declean01,2054,Andrew DeClercq,2005
divacvl01,2055,Vlade Divac,2005
drobnpr01,2056,Predrag Drobnjak,2005
ebind01,2057,Ndudi Ebi,2005
edwarco01,2058,Corsley Edwards,2005
ekeziob01,2059,Obinna Ekezie,2005
florelu01,2060,Luis Flores,2005
fowlktr01,2061,Tremaine Fowlkes,2005
fundela01,2062,Lawrence Funderburke,2005
garcial01,2063,Alex Garcia,2005
gillke01,2064,Kendall Gill,2005
glovedi01,2065,Dion Glover,2005
guglito01,2066,Tom Gugliotta,2005
hamda01,2067,Darvin Ham,2005
handlbe01,2068,Ben Handlogten,2005
harrilu01,2069,Lucious Harris,2005
harvedo01,2070,Donnell Harvey,2005
hoibefr01,2071,Fred Hoiberg,2005
houstal01,2072,Allan Houston,2005
humphry01,2073,Ryan Humphrey,2005
huntebr01,2074,Brandon Hunter,2005
jenkiho01,2075,Horace Jenkins,2005
johnsbr01,2076,Britton Johnsen,2005
jonesma03,2077,Mark Jones,2005
kittlke01,2078,Kerry Kittles,2005
knighbr02,2079,Brandin Knight,2005
kutluib01,2080,Ibo Kutluay,2005
laettch01,2081,Christian Laettner,2005
lopezra01,2082,Raül López,2005
lynchge01,2083,George Lynch,2005
masseto01,2084,Tony Massenburg,2005
mercero01,2085,Ron Mercer,2005
millean01,2086,Anthony Miller,2005
millere01,2087,Reggie Miller,2005
moisoje01,2088,Jérôme Moïso,2005
ndiayma02,2089,Mamadou N'Diaye,2005
peelean01,2090,Anthony Peeler,2005
penneki01,2091,Kirk Penney,2005
persowe01,2092,Wesley Person,2005
popema01,2093,Mark Pope,2005
radojal01,2094,Aleksandar Radojević,2005
ramospe01,2095,Peter John Ramos,2005
robingl01,2096,Glenn Robinson,2005
rogerro01,2097,Rodney Rogers,2005
santida01,2098,Daniel Santiago,2005
sesayan01,2099,Ansu Sesay,2005
shirlpa01,2100,Paul Shirley,2005
slayta01,2101,Tamar Slay,2005
smithja01,2102,Jabari Smith,2005
smithst01,2103,Steve Smith,2005
smithth01,2104,Theron Smith,2005
sprewla01,2105,Latrell Sprewell,2005
stewami01,2106,Michael Stewart,2005
stricer01,2107,Erick Strickland,2005
stricro02,2108,Rod Strickland,2005
sundobr01,2109,Bruno Šundov,2005
surabo01,2110,Bob Sura,2005
tabusyu01,2111,Yuta Tabuse,2005
traylro01,2112,Robert Traylor,2005
wardch01,2113,Charlie Ward,2005
weathcl01,2114,Clarence Weatherspoon,2005
whiteja01,2115,Jahidi White,2005
whitero02,2116,Rodney White,2005
willifr02,2117,Frank Williams,2005
willije01,2118,Jerome Williams,2005
willisc01,2119,Scott Williams,2005
zhizhwa01,2120,Wang Zhizhi,2005
archiro01,2121,Robert Archibald,2004
armstbr01,2122,Brandon Armstrong,2004
barroda01,2123,Dana Barros,2004
bateeme01,2124,Mengke Bateer,2004
beaslje01,2125,Jerome Beasley,2004
belltr01,2126,Troy Bell,2004
blounco01,2127,Corie Blount,2004
boumtru01,2128,Ruben Boumtje-Boumtje,2004
bremejr01,2129,J.R. Bremer,2004
butlemi02,2130,Mitchell Butler,2004
cartema01,2131,Maurice Carter,2004
clarkke01,2132,Keon Clark,2004
colesbi01,2133,Bimbo Coles,2004
crawfch01,2134,Chris Crawford,2004
davishu01,2135,Hubert Davis,2004
dialde01,2136,Derrick Dial,2004
drewbr01,2137,Bryce Drew,2004
fergude01,2138,Desmond Ferguson,2004
fordal02,2139,Alton Ford,2004
foxri01,2140,Rick Fox,2004
fullehi01,2141,Hiram Fuller,2004
grantho01,2142,Horace Grant,2004
grantpa01,2143,Paul Grant,2004
hansetr01,2144,Travis Hansen,2004
healsh01,2145,Shane Heal,2004
hillty01,2146,Tyrone Hill,2004
jacksma01,2147,Mark Jackson,2004
jeffech01,2148,Chris Jefferies,2004
johnsav01,2149,Avery Johnson,2004
jonespo01,2150,Popeye Jones,2004
lamplse01,2151,Sean Lampley,2004
langhda01,2152,Dan Langhi,2004
larueru01,2153,Rusty LaRue,2004
lewisqu01,2154,Quincy Lewis,2004
malonka01,2155,Karl Malone,2004
mashbja01,2156,Jamal Mashburn,2004
mccasam01,2157,Amal McCaskill,2004
milleol01,2158,Oliver Miller,2004
murratr01,2159,Tracy Murray,2004
oaklech01,2160,Charles Oakley,2004
overtdo01,2161,Doug Overton,2004
packro01,2162,Robert Pack,2004
parksch02,2163,Cherokee Parks,2004
penigde01,2164,Desmond Penigar,2004
pippesc01,2165,Scottie Pippen,2004
polynol01,2166,Olden Polynice,2004
ricegl01,2167,Glen Rice,2004
robined01,2168,Eddie Robinson,2004
rooksse01,2169,Sean Rooks,2004
smithle01,2170,Leon Smith,2004
stepavl01,2171,Vladimir Stepania,2004
trentga01,2172,Gary Trent,2004
trepaje01,2173,Jeff Trepagnier,2004
trybace01,2174,Cezary Trybański,2004
vranesl01,2175,Slavko Vraneš,2004
wallajo01,2176,John Wallace,2004
whitnch01,2177,Chris Whitney,2004
abdulta01,2178,Tariq Abdul-Wahad,2003
alexaco02,2179,Courtney Alexander,2003
amaecjo01,2180,John Amaechi,2003
bagarda01,2181,Dalibor Bagarić,2003
batismi01,2182,Mike Batiste,2003
benjaco01,2183,Corey Benjamin,2003
brownra02,2184,Randy Brown,2003
bryanma01,2185,Mark Bryant,2003
caffeja01,2186,Jason Caffey,2003
childch01,2187,Chris Childs,2003
crottjo01,2188,John Crotty,2003
davisem01,2189,Emanual Davis,2003
dickemi01,2190,Michael Dickerson,2003
dudlech02,2191,Chris Dudley,2003
ellisla01,2192,LaPhonso Ellis,2003
eschmev01,2193,Evan Eschmeyer,2003
ferryda01,2194,Danny Ferry,2003
fortejo01,2195,Joseph Forte,2003
fostegr01,2196,Greg Foster,2003
guytoaj01,2197,A.J. Guyton,2003
hardati01,2198,Tim Hardaway,2003
harriad01,2199,Adam Harrington,2003
harvean01,2200,Antonio Harvey,2003
hastoki01,2201,Kirk Haston,2003
hawkiju01,2202,Juaquin Hawkins,2003
huffmna01,2203,Nate Huffman,2003
johnske03,2204,Ken Johnson,2003
jordami01,2205,Michael Jordan,2003
kempsh01,2206,Shawn Kemp,2003
kerrst01,2207,Steve Kerr,2003
knightr01,2208,Travis Knight,2003
longar01,2209,Art Long,2003
longgr01,2210,Grant Long,2003
maccuto01,2211,Todd MacCulloch,2003
maddoti01,2212,Tito Maddox,2003
malonma01,2213,Matt Maloney,2003
mannida01,2214,Danny Manning,2003
marshdo02,2215,Donny Marshall,2003
masonan01,2216,Anthony Mason,2003
millsch01,2217,Chris Mills,2003
olivede01,2218,Dean Oliver,2003
owensch01,2219,Chris Owens,2003
oyedeol01,2220,Olumide Oyedeji,2003
postela01,2221,Lavor Postell,2003
rakocig01,2222,Igor Rakočević,2003
reiddo01,2223,Don Reid,2003
rentzef01,2224,Efthimios Rentzias,2003
rigauan01,2225,Antoine Rigaudeau,2003
robinda01,2226,David Robinson,2003
ruckegu01,2227,Guy Rucker,2003
sabonar01,2228,Arvydas Sabonis,2003
samakso01,2229,Soumaila Samake,2003
sanchpe01,2230,Pepe Sánchez,2003
sasseje01,2231,Jeryl Sasser,2003
satteke01,2232,Kenny Satterfield,2003
savovpr01,2233,Predrag Savović,2003
shawbr01,2234,Brian Shaw,2003
slatere01,2235,Reggie Slater,2003
stockjo01,2236,John Stockton,2003
stricma01,2237,Mark Strickland,2003
torreos01,2238,Óscar Torres,2003
willibr01,2239,Brandon Williams,2003
willija03,2240,Jay Williams,2003
willimo01,2241,Monty Williams,2003
williwa02,2242,Walt Williams,2003
wolkoru01,2243,Rubén Wolkowyski,2003
yarbrvi01,2244,Vincent Yarbrough,2003
alexavi01,2245,Victor Alexander,2002
anderni01,2246,Nick Anderson,2002
anthogr01,2247,Greg Anthony,2002
austiis01,2248,Isaac Austin,2002
averywi01,2249,William Avery,2002
barkler01,2250,Erick Barkley,2002
blaylmo01,2251,Mookie Blaylock,2002
bowdlca01,2252,Cal Bowdler,2002
bowmair01,2253,Ira Bowman,2002
brandte01,2254,Terrell Brandon,2002
brownch01,2255,Chucky Brown,2002
brownde01,2256,Dee Brown,2002
browner01,2257,Ernest Brown,2002
buechju01,2258,Jud Buechler,2002
bullama01,2259,Matt Bullard,2002
crispjo01,2260,Joe Crispin,2002
cummivo01,2261,Vonteego Cummings,2002
curryde01,2262,Dell Curry,2002
delnevi01,2263,Vinny Del Negro,2002
ewingpa01,2264,Patrick Ewing,2002
fontais01,2265,Isaac Fontaine,2002
fotsian01,2266,Antonis Fotsis,2002
garrede01,2267,Dean Garrett,2002
gatlich01,2268,Chris Gatling,2002
geigema01,2269,Matt Geiger,2002
goodrst01,2270,Steve Goodrich,2002
hamilta01,2271,Tang Hamilton,2002
hendece02,2272,Cedric Henderson,2002
jacksja01,2273,Jaren Jackson,2002
jamesti01,2274,Tim James,2002
jamisha01,2275,Harold Jamison,2002
jonesal01,2276,Alvin Jones,2002
langdtr01,2277,Trajan Langdon,2002
lopezfe01,2278,Felipe López,2002
macksa01,2279,Sam Mack,2002
majerda01,2280,Dan Majerle,2002
mccloge01,2281,George McCloud,2002
mckeyde01,2282,Derrick McKey,2002
mitchsa01,2283,Sam Mitchell,2002
montrer01,2284,Eric Montross,2002
mottoha01,2285,Hanno Möttölä,2002
nesbyty01,2286,Tyrone Nesby,2002
newmajo01,2287,Johnny Newman,2002
olajuha01,2288,Hakeem Olajuwon,2002
penbemi01,2289,Mike Penberthy,2002
perryel01,2290,Elliot Perry,2002
portete01,2291,Terry Porter,2002
pricebr01,2292,Brent Price,2002
recasel01,2293,Eldridge Recasner,2002
richano01,2294,Norm Richardson,2002
richmmi01,2295,Mitch Richmond,2002
rideris01,2296,Isaiah Rider,2002
robinla01,2297,Larry Robinson,2002
rogerca01,2298,Carlos Rogers,2002
scottsh01,2299,Shawnelle Scott,2002
simpkdi01,2300,Dickey Simpkins,2002
spencfe01,2301,Felton Spencer,2002
starkjo01,2302,John Starks,2002
stithbr01,2303,Bryant Stith,2002
vardara01,2304,Ratko Varda,2002
abdulma02,2305,Mahmoud Abdul-Rauf,2001
benoida01,2306,David Benoit,2001
boguemu01,2307,Muggsy Bogues,2001
bohanet01,2308,Etdrick Bohannon,2001
burresc01,2309,Scott Burrell,2001
carrch01,2310,Chris Carr,2001
causwdu01,2311,Duane Causwell,2001
cebalce01,2312,Cedric Ceballos,2001
cokerjo01,2313,John Coker,2001
colsose01,2314,Sean Colson,2001
corbity01,2315,Tyrone Corbin,2001
curlebi01,2316,Bill Curley,2001
davidko01,2317,Kornél Dávid,2001
daviste01,2318,Terry Davis,2001
dayto01,2319,Todd Day,2001
douglsh01,2320,Sherman Douglas,2001
edneyty01,2321,Tyus Edney,2001
edwarke01,2322,Kevin Edwards,2001
elamikh01,2323,Khalid El-Amin,2001
eliema01,2324,Mario Elie,2001
elliose01,2325,Sean Elliott,2001
ellispe01,2326,Pervis Ellison,2001
feickja01,2327,Jamie Feick,2001
fulleto02,2328,Todd Fuller,2001
garceru01,2329,Rubén Garcés,2001
garnech01,2330,Chris Garner,2001
grantga01,2331,Gary Grant,2001
greenac01,2332,A.C. Green,2001
hammoto01,2333,Tom Hammonds,2001
harpero01,2334,Ron Harper,2001
hawkihe01,2335,Hersey Hawkins,2001
hawkimi01,2336,Michael Hawkins,2001
herrech01,2337,Chris Herren,2001
jacobsa01,2338,Sam Jacobson,2001
johnsla02,2339,Larry Johnson,2001
josepga01,2340,Garth Joseph,2001
keefead01,2341,Adam Keefe,2001
kerseje01,2342,Jerome Kersey,2001
ketnela01,2343,Lari Ketner,2001
kingge02,2344,Gerard King,2001
longllu01,2345,Luc Longley,2001
macledo01,2346,Don MacLean,2001
maxweve01,2347,Vernon Maxwell,2001
mcclida01,2348,Dan McClintock,2001
mcilvji01,2349,Jim McIlvaine,2001
mcleoro01,2350,Roshown McLeod,2001
mcphepa01,2351,Paul McPherson,2001
millste01,2352,Terry Mills,2001
mullich01,2353,Chris Mullin,2001
owensbi01,2354,Billy Owens,2001
pankoan01,2355,Andy Panko,2001
perduwi01,2356,Will Perdue,2001
perkisa01,2357,Sam Perkins,2001
portech01,2358,Chris Porter,2001
reevebr01,2359,Bryant Reeves,2001
reidjr01,2360,J.R. Reid,2001
roberte01,2361,Terrance Roberson,2001
robinja03,2362,Jamal Robinson,2001
robinja02,2363,James Robinson,2001
schrede01,2364,Detlef Schrempf,2001
smithmi02,2365,Michael Smith,2001
smithmi03,2366,Mike Smith,2001
smithto02,2367,Tony Smith,2001
stronde01,2368,Derek Strong,2001
tabakza01,2369,Žan Tabak,2001
tarladr01,2370,Dragan Tarlać,2001
thomaja01,2371,Jamel Thomas,2001
thorpot01,2372,Otis Thorpe,2001
vanteda01,2373,David Vanterpool,2001
vaughlo01,2374,Loy Vaught,2001
westdo01,2375,Doug West,2001
wingada01,2376,David Wingate,2001
anstech01,2377,Chris Anstey,2000
armstbj01,2378,B.J. Armstrong,2000
aventan01,2379,Anthony Avent,2000
baileto01,2380,Toby Bailey,2000
barklch01,2381,Charles Barkley,2000
barrydr01,2382,Drew Barry,2000
benjabe01,2383,Benoit Benjamin,2000
bennema01,2384,Mario Bennett,2000
borrela01,2385,Lazaro Borrell,2000
bramlaj01,2386,A.J. Bramlett,2000
brownma01,2387,Marcus Brown,2000
cagemi01,2388,Michael Cage,2000
carran01,2389,Antoine Carr,2000
celesjo01,2390,John Celestand,2000
chapmre01,2391,Rex Chapman,2000
chilcpe01,2392,Pete Chilcutt,2000
closske01,2393,Keith Closs,2000
conloma01,2394,Marty Conlon,2000
cummite01,2395,Terry Cummings,2000
davisbe01,2396,Ben Davis,2000
davisma02,2397,Mark Davis,2000
ellisda01,2398,Dale Ellis,2000
farmeto01,2399,Tony Farmer,2000
garriki01,2400,Kiwane Lemorris Garris,2000
gilliar01,2401,Armen Gilliam,2000
grayde01,2402,Devin Gray,2000
hamilth01,2403,Thomas Hamilton,2000
hendrma01,2404,Mark Hendrickson,2000
hoodde01,2405,Derek Hood,2000
hornaje01,2406,Jeff Hornacek,2000
hugheri02,2407,Rick Hughes,2000
jacksra02,2408,Randell Jackson,2000
johnsde02,2409,DeMarco Johnson,2000
johnske02,2410,Kevin Johnson,2000
jonesch03,2411,Charles Jones,2000
jordare01,2412,Reggie Jordan,2000
kleinjo01,2413,Joe Kleine,2000
langan01,2414,Andrew Lang,2000
langan02,2415,Antonio Lang,2000
legleti01,2416,Tim Legler,2000
miskija01,2417,Jason Miskiri,2000
murdoer01,2418,Eric Murdock,2000
muresgh01,2419,Gheorghe Mureșan,2000
pattean01,2420,Andrae Patterson,2000
persoch01,2421,Chuck Person,2000
phillbo01,2422,Bobby Phills,2000
reevekh01,2423,Khalid Reeves,2000
rhodero01,2424,Rodrick Rhodes,2000
roberst01,2425,Stanley Roberts,2000
roberry01,2426,Ryan Robertson,2000
rodmade01,2427,Dennis Rodman,2000
rogerro02,2428,Roy Rogers,2000
sallejo01,2429,John Salley,2000
scottde01,2430,Dennis Scott,2000
sealyma01,2431,Malik Sealy,2000
smitsri01,2432,Rik Smits,2000
stackry01,2433,Ryan Stack,2000
stephjo01,2434,Joe Stephens,2000
taylojo01,2435,Johnny Taylor,2000
turkcmi01,2436,Mirsad Türkcan,2000
turnewa01,2437,Wayne Turner,2000
vinsofr01,2438,Fred Vinson,2000
waltere01,2439,Rex Walters,2000
wennibi01,2440,Bill Wennington,2000
westma01,2441,Mark West,2000
willilo01,2442,Lorenzo Williams,2000
willode01,2443,Dedric Willoughby,2000
workmha01,2444,Haywoode Workman,2000
youngti01,2445,Tim Young,2000
